TTGTTAA,7,5900,2.4444991214435956
TGGTGTT,7,5339,2.344585140049971
TGGTGAT,7,4216,2.108433581770983
TGCTGCT,7,4210,2.107009418226212
TAATGGT,7,3935,2.0394576524012886
AAATTGT,7,3934,2.0392034904987892
TACTAAT,7,3934,2.0392034904987892
TGTTTTA,7,3934,2.0392034904987892
TGTTAAT,7,3934,2.0392034904987892
GAAGAAG,7,3933,2.0389492639815945
TTCAACT,7,3932,2.038694972816842
TTTATGA,7,3673,1.9705555373694523
GGTGTTT,7,3656,1.9659164241238256
TTTTGTT,7,3656,1.9659164241238256
TTACAAA,7,3655,1.9656428637336638
TGTTGTT,7,3654,1.9653692284877369
ATTGTTA,7,3653,1.9650955183450673
GTTTTAA,7,3653,1.9650955183450673
TTAAAAA,7,3653,1.9650955183450673
TTGTTAC,7,3653,1.9650955183450673
AACAATG,7,3652,1.964821733264644
TATTGTT,7,3652,1.964821733264644
TGAAGAA,7,3652,1.964821733264644
TGATGTT,7,3652,1.964821733264644
TGTTAAA,7,3652,1.964821733264644
TTCTTTA,7,3651,1.9645478732054218
GCTTTTG,7,3374,1.8856457546556984
AAAGAAA,7,3373,1.8853493266114352
ACAAATT,7,3373,1.8853493266114352
AGCTGGT,7,3373,1.8853493266114352
GCTGTTG,7,3373,1.8853493266114352
TGTTACT,7,3373,1.8853493266114352
CTTTTGA,7,3372,1.885052810671531
GGTGTTG,7,3372,1.885052810671531
TTACTAA,7,3372,1.885052810671531
TTTCTTA,7,3372,1.885052810671531
ATGGTGT,7,3371,1.8847562067838455
ATTTTGT,7,3371,1.8847562067838455
GTGTTGT,7,3371,1.8847562067838455
TTTGTTA,7,3371,1.8847562067838455
AACAACT,7,3370,1.8844595148961922
TGTTTAT,7,3370,1.8844595148961922
TGCTGTT,7,3367,1.8835689107108593
TAACAAA,7,3261,1.851580667339104
TTATGAA,7,3111,1.8044909884474218
GTGTTTA,7,3095,1.7993346766684815
TGTAGTT,7,3094,1.7990115226827963
CATTTGT,7,3093,1.7986882642348545
ATTGTTG,7,3092,1.7983649012570975
TTACTTT,7,3092,1.7983649012570975
AAAATGT,7,3091,1.798041433681901
ACCTTTT,7,3091,1.798041433681901
ACTTTTA,7,3091,1.798041433681901
ATGTTGT,7,3091,1.798041433681901
GTTACTT,7,3091,1.798041433681901
TACAGAA,7,3091,1.798041433681901
TGCTTTT,7,3091,1.798041433681901
TGCTTTA,7,3091,1.798041433681901
TGTCTTT,7,3091,1.798041433681901
TTATGAT,7,3091,1.798041433681901
TTATTAT,7,3091,1.798041433681901
ACTTATG,7,3090,1.797717861441576
CAATTTA,7,3090,1.797717861441576
CTTATGT,7,3090,1.797717861441576
GATGGTG,7,3090,1.797717861441576
GGTGATG,7,3090,1.797717861441576
TTTATTA,7,3090,1.797717861441576
ACAACTA,7,3089,1.7973941844683665
ACTAATG,7,3089,1.7973941844683665
ATTCAAC,7,3087,1.7967465160519442
AACAAAG,7,3082,1.795125507429846
AACTTTA,7,3066,1.7899205509815443
TTTTAAA,7,2891,1.731149233566131
TACAAAT,7,2817,1.7052192594261575
TTGATGG,7,2817,1.7052192594261575
AATGGTT,7,2812,1.7034427444803404
AATTACC,7,2812,1.7034427444803404
TTTTAAG,7,2812,1.7034427444803404
AAAGTTG,7,2811,1.7030870624563168
AACAATT,7,2811,1.7030870624563168
AAGTTGA,7,2811,1.7030870624563168
TAAAAAC,7,2811,1.7030870624563168
TAATTAT,7,2811,1.7030870624563168
TACAACA,7,2811,1.7030870624563168
TGTTACA,7,2811,1.7030870624563168
TTGCAAC,7,2811,1.7030870624563168
AAGAAAT,7,2810,1.7027312538775763
AATTAAA,7,2810,1.7027312538775763
ACAATGC,7,2810,1.7027312538775763
ATGCTGT,7,2810,1.7027312538775763
ATTACCA,7,2810,1.7027312538775763
CTTATGA,7,2810,1.7027312538775763
GGTGATT,7,2810,1.7027312538775763
GTTGTTA,7,2810,1.7027312538775763
TGATGAT,7,2810,1.7027312538775763
ACAACAG,7,2809,1.7023753186540285
AGATGCT,7,2809,1.7023753186540285
CAACAAC,7,2809,1.7023753186540285
CTACTAA,7,2809,1.7023753186540285
TGATGAA,7,2809,1.7023753186540285
TGGTAAT,7,2809,1.7023753186540285
ACAACAA,7,2808,1.7020192566954866
AGTTGAA,7,2808,1.7020192566954866
CAACATT,7,2808,1.7020192566954866
TAAAAAG,7,2808,1.7020192566954866
TGTTGTA,7,2808,1.7020192566954866
TTGGTGA,7,2808,1.7020192566954866
CTAAAAA,7,2807,1.7016630679116673
TGACACT,7,2807,1.7016630679116673
TATAATT,7,2802,1.6998802184467372
TCAACAA,7,2802,1.6998802184467372
ACTAATT,7,2800,1.6991661877130801
ATGCTTA,7,2797,1.6980941847517448
TTAAAAT,7,2794,1.697021031366692
TTTAAAA,7,2793,1.6966630574949617
TGTTTAC,7,2695,1.6609449748928824
TTCTTTT,7,2594,1.6227478564261741
TTTAAAC,7,2553,1.6068159087912688
AGGTGTT,7,2532,1.5985562748138518
TCAACTT,7,2532,1.5985562748138518
ACATTTT,7,2530,1.5977660732713508
CTTACTA,7,2530,1.5977660732713508
GTTAAAA,7,2530,1.5977660732713508
TCTATGA,7,2530,1.5977660732713508
TGCTAAT,7,2530,1.5977660732713508
TGTTGAA,7,2530,1.5977660732713508
TGTTTTT,7,2530,1.5977660732713508
TTCTTAT,7,2530,1.5977660732713508
AAACTGT,7,2529,1.59737073821975
AACAACA,7,2529,1.59737073821975
AAGAAAC,7,2529,1.59737073821975
AATGGTG,7,2529,1.59737073821975
AATTATG,7,2529,1.59737073821975
ACAAATA,7,2529,1.59737073821975
ACAGATG,7,2529,1.59737073821975
ACATTAA,7,2529,1.59737073821975
AGAAATT,7,2529,1.59737073821975
ATGAAGA,7,2529,1.59737073821975
CCTTTTG,7,2529,1.59737073821975
CTAATGA,7,2529,1.59737073821975
CTATTAA,7,2529,1.59737073821975
CTGTTAT,7,2529,1.59737073821975
GGTTTTA,7,2529,1.59737073821975
GTGTTGA,7,2529,1.59737073821975
GTTACAC,7,2529,1.59737073821975
GTTAATG,7,2529,1.59737073821975
GTTTATG,7,2529,1.59737073821975
TAACAAT,7,2529,1.59737073821975
TATGATG,7,2529,1.59737073821975
TGACTTT,7,2529,1.59737073821975
TGCACTT,7,2529,1.59737073821975
TGGAATT,7,2529,1.59737073821975
TGGTTAT,7,2529,1.59737073821975
TGGTACA,7,2529,1.59737073821975
TGTAGAA,7,2529,1.59737073821975
TGTTGAT,7,2529,1.59737073821975
TTAATGC,7,2529,1.59737073821975
TTGAAAA,7,2529,1.59737073821975
TTGCTGC,7,2529,1.59737073821975
TTGGTGC,7,2529,1.59737073821975
AAACAAT,7,2528,1.596975246816533
ACAATTA,7,2528,1.596975246816533
ATGATGA,7,2528,1.596975246816533
CAACTGT,7,2528,1.596975246816533
CTTTAAT,7,2528,1.596975246816533
TAAAAAT,7,2528,1.596975246816533
TACTTGT,7,2528,1.596975246816533
TCAACAT,7,2528,1.596975246816533
TTACTTA,7,2528,1.596975246816533
TTGATGA,7,2528,1.596975246816533
ACAATTT,7,2527,1.596579598937979
ATGGTAC,7,2527,1.596579598937979
GTTGTAA,7,2526,1.5961837944602213
AACATTA,7,2525,1.595787833259245
TTTTGTA,7,2509,1.589431037916207
ATTTTAA,7,2497,1.5846367818295581
TTTTAAT,7,2497,1.5846367818295581
TCTTTAA,7,2447,1.5644095549924566
CTGTTTA,7,2412,1.5500030493968608
CTTACAA,7,2312,1.5076597213420528
TATGTAC,7,2265,1.4871215294669193
ACTATTA,7,2257,1.4835832683673207
GTTTTTG,7,2251,1.4809213324565171
TTTAATT,7,2251,1.4809213324565171
ATGGTGA,7,2250,1.4804769867482508
CTTCTTC,7,2250,1.4804769867482508
TACAAAA,7,2250,1.4804769867482508
TAGAATT,7,2250,1.4804769867482508
TGATTAT,7,2250,1.4804769867482508
TTGCTAT,7,2250,1.4804769867482508
AAAGATT,7,2249,1.4800324435091006
AAATTAA,7,2249,1.4800324435091006
AACAAAT,7,2249,1.4800324435091006
AATTTTG,7,2249,1.4800324435091006
ACTGTTT,7,2249,1.4800324435091006
AGTGTTA,7,2249,1.4800324435091006
ATGATTT,7,2249,1.4800324435091006
ATTAAAA,7,2249,1.4800324435091006
CAAATTA,7,2249,1.4800324435091006
CTATTAC,7,2249,1.4800324435091006
GAAGTTG,7,2249,1.4800324435091006
GTGTTTT,7,2249,1.4800324435091006
GTTACAA,7,2249,1.4800324435091006
GTTTACA,7,2249,1.4800324435091006
TAAAATG,7,2249,1.4800324435091006
TAATTTT,7,2249,1.4800324435091006
TAGTGTT,7,2249,1.4800324435091006
TCTTACT,7,2249,1.4800324435091006
TGCTATT,7,2249,1.4800324435091006
TGGTTTA,7,2249,1.4800324435091006
TGTTGAC,7,2249,1.4800324435091006
TTAATGG,7,2249,1.4800324435091006
TTATGTG,7,2249,1.4800324435091006
AAAAAGG,7,2248,1.4795877025633666
AAATTGG,7,2248,1.4795877025633666
AACTGGA,7,2248,1.4795877025633666
AACTGTT,7,2248,1.4795877025633666
AATGTTT,7,2248,1.4795877025633666
ACAACTG,7,2248,1.4795877025633666
ACAGAAA,7,2248,1.4795877025633666
ACAGAAG,7,2248,1.4795877025633666
ACCAGTT,7,2248,1.4795877025633666
ACTATTG,7,2248,1.4795877025633666
AGAAAAC,7,2248,1.4795877025633666
AGAAGAA,7,2248,1.4795877025633666
AGTGTGT,7,2248,1.4795877025633666
ATCAAAA,7,2248,1.4795877025633666
ATGCTTT,7,2248,1.4795877025633666
ATGTTTT,7,2248,1.4795877025633666
ATTATGA,7,2248,1.4795877025633666
ATTTTAT,7,2248,1.4795877025633666
CAAATTG,7,2248,1.4795877025633666
CAAAAGA,7,2248,1.4795877025633666
CATTAAA,7,2248,1.4795877025633666
CTAAAGA,7,2248,1.4795877025633666
CTAATGG,7,2248,1.4795877025633666
GATGGTA,7,2248,1.4795877025633666
GATGATT,7,2248,1.4795877025633666
GCTGCTA,7,2248,1.4795877025633666
GTGATGT,7,2248,1.4795877025633666
GTTGATG,7,2248,1.4795877025633666
TATGATT,7,2248,1.4795877025633666
TATTACA,7,2248,1.4795877025633666
TCTTATG,7,2248,1.4795877025633666
TGAAATT,7,2248,1.4795877025633666
TGCTGCA,7,2248,1.4795877025633666
TGCTGTA,7,2248,1.4795877025633666
TGCTATG,7,2248,1.4795877025633666
TGGTTTT,7,2248,1.4795877025633666
TGTACTT,7,2248,1.4795877025633666
TGTGTTA,7,2248,1.4795877025633666
TTATGTC,7,2248,1.4795877025633666
TTGCTGT,7,2248,1.4795877025633666
TTGGAAT,7,2248,1.4795877025633666
AATGTTG,7,2247,1.479142763735114
AATTTAC,7,2247,1.479142763735114
ACAATGT,7,2247,1.479142763735114
ACTGTAG,7,2247,1.479142763735114
ATAAATT,7,2247,1.479142763735114
ATGAATT,7,2247,1.479142763735114
ATTACAG,7,2247,1.479142763735114
CACAACT,7,2247,1.479142763735114
CTACACA,7,2247,1.479142763735114
CTTCTTT,7,2247,1.479142763735114
GATTTTG,7,2247,1.479142763735114
GTTGAAG,7,2247,1.479142763735114
GTTTATT,7,2247,1.479142763735114
TACTTTA,7,2247,1.479142763735114
TGAAAAT,7,2247,1.479142763735114
TTAATGT,7,2247,1.479142763735114
TTGTAAT,7,2247,1.479142763735114
TTTAATG,7,2247,1.479142763735114
AGATTTT,7,2246,1.4786976268481735
ATTTTGG,7,2246,1.4786976268481735
GAAAACA,7,2246,1.4786976268481735
TCTTTAT,7,2246,1.4786976268481735
AACATGA,7,2245,1.4782522917261396
ATGCAGA,7,2245,1.4782522917261396
GTTTTTC,7,2245,1.4782522917261396
GCTGCTG,7,2242,1.4769150951818901
TCAACTC,7,2242,1.4769150951818901
CAACAAA,7,2239,1.4755761081485397
TTTCAAC,7,2239,1.4755761081485397
TTTGTAT,7,2228,1.4706510925969596
ACTTTAA,7,2226,1.469753023385275
TGTAGAT,7,2195,1.4557288170590565
TTGTAGA,7,2190,1.4534483143603314
TGACAAA,7,2157,1.4382651379389413
TCTTTTT,7,2033,1.3790593051781315
AATTTAA,7,1971,1.348087798702505
TATGTCT,7,1971,1.348087798702505
CTTGTTA,7,1970,1.3475803132818192
ACTAAAG,7,1969,1.3470725701889104
AGTTTTT,7,1969,1.3470725701889104
TTGTAGT,7,1969,1.3470725701889104
TTTCTAT,7,1969,1.3470725701889104
AAAGTTT,7,1968,1.3465645691619836
AAATTAC,7,1968,1.3465645691619836
AACATTT,7,1968,1.3465645691619836
AATTATT,7,1968,1.3465645691619836
AATTTTA,7,1968,1.3465645691619836
ACCTAAA,7,1968,1.3465645691619836
AGAGTTT,7,1968,1.3465645691619836
ATTAATG,7,1968,1.3465645691619836
ATTACCT,7,1968,1.3465645691619836
TAGAAAA,7,1968,1.3465645691619836
TAGTTGT,7,1968,1.3465645691619836
TGCAATT,7,1968,1.3465645691619836
AAACATT,7,1967,1.346056309938844
AAACAAC,7,1967,1.346056309938844
AAATGTT,7,1967,1.346056309938844
AAGAAGA,7,1967,1.346056309938844
AAGTTGT,7,1967,1.346056309938844
AAGTGCA,7,1967,1.346056309938844
AATGTTA,7,1967,1.346056309938844
ACACTTC,7,1967,1.346056309938844
ACACTTA,7,1967,1.346056309938844
ACTTTAT,7,1967,1.346056309938844
ACTTAAA,7,1967,1.346056309938844
AGACATT,7,1967,1.346056309938844
AGAGAAG,7,1967,1.346056309938844
AGAGTGT,7,1967,1.346056309938844
AGCTGTT,7,1967,1.346056309938844
AGCTTGT,7,1967,1.346056309938844
AGTGCTT,7,1967,1.346056309938844
AGTTGTT,7,1967,1.346056309938844
ATGGTTA,7,1967,1.346056309938844
ATGGTAA,7,1967,1.346056309938844
ATTATTA,7,1967,1.346056309938844
ATTGTGT,7,1967,1.346056309938844
ATTTGTG,7,1967,1.346056309938844
CACTTTT,7,1967,1.346056309938844
CACTTAA,7,1967,1.346056309938844
CACTTAT,7,1967,1.346056309938844
CATTTTA,7,1967,1.346056309938844
CTGTTTT,7,1967,1.346056309938844
CTGTTGT,7,1967,1.346056309938844
CTTGTGG,7,1967,1.346056309938844
CTTTAAG,7,1967,1.346056309938844
GAAATTG,7,1967,1.346056309938844
GCTGTTA,7,1967,1.346056309938844
GGTAATT,7,1967,1.346056309938844
GGTTTTT,7,1967,1.346056309938844
GTACAAC,7,1967,1.346056309938844
GTAGAAA,7,1967,1.346056309938844
GTTAATA,7,1967,1.346056309938844
GTTTTTA,7,1967,1.346056309938844
TAATGAT,7,1967,1.346056309938844
TACAACT,7,1967,1.346056309938844
TACTTTT,7,1967,1.346056309938844
TACTAAA,7,1967,1.346056309938844
TAGTTTT,7,1967,1.346056309938844
TATTACC,7,1967,1.346056309938844
TGACATA,7,1967,1.346056309938844
TGGAAAA,7,1967,1.346056309938844
TGGTAAA,7,1967,1.346056309938844
TGGTAAC,7,1967,1.346056309938844
TGTACAA,7,1967,1.346056309938844
TGTACTG,7,1967,1.346056309938844
TGTGTTG,7,1967,1.346056309938844
TTCTTAC,7,1967,1.346056309938844
TTGAACA,7,1967,1.346056309938844
TTGCAAT,7,1967,1.346056309938844
TTTATTG,7,1967,1.346056309938844
TTTCTTT,7,1967,1.346056309938844
TTTGTAC,7,1967,1.346056309938844
AACTTAC,7,1966,1.3455477922568968
ACTAAAA,7,1966,1.3455477922568968
ACTGAAA,7,1966,1.3455477922568968
CAAAATG,7,1966,1.3455477922568968
CTCAATG,7,1966,1.3455477922568968
GACAAAT,7,1966,1.3455477922568968
TATGTGT,7,1966,1.3455477922568968
TGATTAC,7,1966,1.3455477922568968
TGGTTGT,7,1966,1.3455477922568968
TGGTACT,7,1966,1.3455477922568968
TTATTAC,7,1966,1.3455477922568968
TTGAAAT,7,1966,1.3455477922568968
AAATTAT,7,1965,1.3450390158531464
ACACACC,7,1965,1.3450390158531464
ATTCTTT,7,1965,1.3450390158531464
CAATGTT,7,1965,1.3450390158531464
GACAATT,7,1965,1.3450390158531464
TAAAATA,7,1965,1.3450390158531464
TGCACCA,7,1965,1.3450390158531464
AGCTAAA,7,1964,1.3445299804641961
ATTTGAC,7,1964,1.3445299804641961
CTATTGG,7,1964,1.3445299804641961
CTTGTTT,7,1964,1.3445299804641961
ATCTACT,7,1963,1.344020685826246
CTGAAGA,7,1962,1.3435111316750932
ACAAAGT,7,1960,1.342491243774348
GCTGCTT,7,1960,1.342491243774348
TTGGATG,7,1960,1.342491243774348
ATAATTA,7,1958,1.3414703146402407
CTACTAT,7,1958,1.3414703146402407
TGATTTT,7,1934,1.3291371675630246
CTTGTAG,7,1910,1.3166500125904603
ACCTACA,7,1903,1.3129783588459343
ATTAAAG,7,1787,1.250085006709213
AGGTTTT,7,1750,1.2291625584673447
TGACATC,7,1732,1.2188235806721655
TACAGTT,7,1697,1.1984087567840112
AGTTTAA,7,1695,1.1972295113643354
TTATTTT,7,1693,1.1960488736829202
TAACTTT,7,1691,1.1948668404483653
GAAATTT,7,1690,1.1942752994669041
ACACAAT,7,1689,1.193683408357585
AGAAGTT,7,1689,1.193683408357585
AGACTTA,7,1689,1.193683408357585
CAAAAGT,7,1689,1.193683408357585
GAATTAC,7,1689,1.193683408357585
GTAAAAC,7,1689,1.193683408357585
TTGAAGA,7,1689,1.193683408357585
AAAAAGA,7,1688,1.1930911667056874
AAAGATG,7,1688,1.1930911667056874
AAGTTTA,7,1688,1.1930911667056874
AATTACA,7,1688,1.1930911667056874
ATGGTTT,7,1688,1.1930911667056874
CAACTTA,7,1688,1.1930911667056874
CTCAAAG,7,1688,1.1930911667056874
TAACACT,7,1688,1.1930911667056874
AAATGGT,7,1687,1.1924985740957532
AATAAAT,7,1687,1.1924985740957532
AATATTG,7,1687,1.1924985740957532
AATGGAA,7,1687,1.1924985740957532
AATTTTT,7,1687,1.1924985740957532
ACACTAA,7,1687,1.1924985740957532
ACCAACA,7,1687,1.1924985740957532
AGAAAAG,7,1687,1.1924985740957532
AGTGTTT,7,1687,1.1924985740957532
ATGATTA,7,1687,1.1924985740957532
ATGGAAC,7,1687,1.1924985740957532
ATTAATT,7,1687,1.1924985740957532
CACTAAA,7,1687,1.1924985740957532
CTAATGT,7,1687,1.1924985740957532
CTCAATT,7,1687,1.1924985740957532
CTTATTT,7,1687,1.1924985740957532
GCTTTAA,7,1687,1.1924985740957532
GTAGTTG,7,1687,1.1924985740957532
GTTTACT,7,1687,1.1924985740957532
TAATGGA,7,1687,1.1924985740957532
TATAAAC,7,1687,1.1924985740957532
TCTATTA,7,1687,1.1924985740957532
TGCAACA,7,1687,1.1924985740957532
AAACTTA,7,1686,1.1919056301115856
AAAGTGC,7,1686,1.1919056301115856
AAATGGG,7,1686,1.1919056301115856
AACATGT,7,1686,1.1919056301115856
AACTGTG,7,1686,1.1919056301115856
AAGTGTG,7,1686,1.1919056301115856
ACACTAG,7,1686,1.1919056301115856
ACATGTT,7,1686,1.1919056301115856
ACATTTG,7,1686,1.1919056301115856
ACCTAAT,7,1686,1.1919056301115856
AGAAGTG,7,1686,1.1919056301115856
AGGTTCT,7,1686,1.1919056301115856
AGTTTTA,7,1686,1.1919056301115856
ATCTTTA,7,1686,1.1919056301115856
ATGATGT,7,1686,1.1919056301115856
ATGGAAA,7,1686,1.1919056301115856
ATTACAT,7,1686,1.1919056301115856
ATTCTTG,7,1686,1.1919056301115856
ATTCTTA,7,1686,1.1919056301115856
CAAAATT,7,1686,1.1919056301115856
CAAGAAT,7,1686,1.1919056301115856
CAATTAA,7,1686,1.1919056301115856
CAGATGT,7,1686,1.1919056301115856
CTATGAC,7,1686,1.1919056301115856
CTCAACA,7,1686,1.1919056301115856
CTGTTGC,7,1686,1.1919056301115856
CTTATTA,7,1686,1.1919056301115856
GAAAACT,7,1686,1.1919056301115856
GCTAATG,7,1686,1.1919056301115856
GGTACAA,7,1686,1.1919056301115856
GTAATTA,7,1686,1.1919056301115856
GTACAAA,7,1686,1.1919056301115856
GTACTTG,7,1686,1.1919056301115856
GTAGTGT,7,1686,1.1919056301115856
GTGATGA,7,1686,1.1919056301115856
GTTGAAA,7,1686,1.1919056301115856
TAACACC,7,1686,1.1919056301115856
TAATGAG,7,1686,1.1919056301115856
TAGTGCG,7,1686,1.1919056301115856
TATGAAA,7,1686,1.1919056301115856
TATTATG,7,1686,1.1919056301115856
TCAAACA,7,1686,1.1919056301115856
TCAAACT,7,1686,1.1919056301115856
TCTTATT,7,1686,1.1919056301115856
TCTTTTG,7,1686,1.1919056301115856
TGAAAAC,7,1686,1.1919056301115856
TGAAGTT,7,1686,1.1919056301115856
TGACAAT,7,1686,1.1919056301115856
TGACTTC,7,1686,1.1919056301115856
TGCAACT,7,1686,1.1919056301115856
TGCTAAA,7,1686,1.1919056301115856
TGTAGTG,7,1686,1.1919056301115856
TTATTTC,7,1686,1.1919056301115856
TTGATTG,7,1686,1.1919056301115856
TTGCTAA,7,1686,1.1919056301115856
TTGTAAA,7,1686,1.1919056301115856
TTTCAAA,7,1686,1.1919056301115856
AAAATTA,7,1685,1.191312334336247
AAAGTGA,7,1685,1.191312334336247
AAGAAGC,7,1685,1.191312334336247
ACTGTAC,7,1685,1.191312334336247
ACTGACT,7,1685,1.191312334336247
AGACAAT,7,1685,1.191312334336247
ATCAGAC,7,1685,1.191312334336247
ATGAAAA,7,1685,1.191312334336247
CACTAGT,7,1685,1.191312334336247
CTGATGT,7,1685,1.191312334336247
GATGAAG,7,1685,1.191312334336247
GCTTTAG,7,1685,1.191312334336247
GTAGTGC,7,1685,1.191312334336247
GTTACTA,7,1685,1.191312334336247
TCAAAAC,7,1685,1.191312334336247
TGACATT,7,1685,1.191312334336247
TGCTAAC,7,1685,1.191312334336247
TTAGAAA,7,1685,1.191312334336247
TTAGAAG,7,1685,1.191312334336247
TTGAACT,7,1685,1.191312334336247
AAAAAGT,7,1684,1.190718686352057
AAAGATC,7,1684,1.190718686352057
AAGGTTC,7,1684,1.190718686352057
AGATGGT,7,1684,1.190718686352057
CTTCTAA,7,1684,1.190718686352057
GCTTTGG,7,1684,1.190718686352057
GTAGATG,7,1684,1.190718686352057
TGCACAA,7,1684,1.190718686352057
TGTACAT,7,1684,1.190718686352057
AGACAAC,7,1683,1.190124685740591
ATGGTTG,7,1683,1.190124685740591
TAGTGCT,7,1683,1.190124685740591
AAAATTG,7,1682,1.1895303320826782
ATCAGCA,7,1682,1.1895303320826782
ATCTAAA,7,1682,1.1895303320826782
CAAGAAA,7,1681,1.1889356249584004
CACAAAT,7,1679,1.1877451486273258
AATTAAT,7,1678,1.1871493785769365
TACAGTC,7,1676,1.1859567725918132
TGTCACT,7,1675,1.1853599358089517
GATTTTA,7,1653,1.1721385893708092
CAACTTT,7,1567,1.1187097339058059
AGGTTTA,7,1523,1.0902288444449468
AAGGTTT,7,1520,1.0882571053901071
CAGAATG,7,1483,1.063613833687717
AAACTTT,7,1435,1.0307116197435064
TATTATC,7,1414,1.0159693380063028
GTTGATT,7,1409,1.0124270034484653
ATTTGTA,7,1408,1.0117170282677725
AGCTTAT,7,1407,1.011006548664174
ATAATTT,7,1407,1.011006548664174
GAATTAT,7,1407,1.011006548664174
TATTGAC,7,1407,1.011006548664174
AAACTTG,7,1406,1.010295563920395
AAGTTTT,7,1406,1.010295563920395
AATGGAG,7,1406,1.010295563920395
ACACACT,7,1406,1.010295563920395
ACCAATT,7,1406,1.010295563920395
AGCTTTT,7,1406,1.010295563920395
ATGCAAA,7,1406,1.010295563920395
CAATGGT,7,1406,1.010295563920395
CAGAAAT,7,1406,1.010295563920395
CTCAACT,7,1406,1.010295563920395
CTGATGA,7,1406,1.010295563920395
GACAAAG,7,1406,1.010295563920395
GACATTG,7,1406,1.010295563920395
GTAATGG,7,1406,1.010295563920395
GTAGAAT,7,1406,1.010295563920395
GTTGTAG,7,1406,1.010295563920395
TATAAAG,7,1406,1.010295563920395
TCAAAAA,7,1406,1.010295563920395
TGGAACC,7,1406,1.010295563920395
AAACATA,7,1405,1.0095840733176311
AACTGGT,7,1405,1.0095840733176311
AAGTGAA,7,1405,1.0095840733176311
AATAATA,7,1405,1.0095840733176311
AATATTT,7,1405,1.0095840733176311
ACATGTC,7,1405,1.0095840733176311
ACCAGAT,7,1405,1.0095840733176311
ACTGTTA,7,1405,1.0095840733176311
ACTGAAG,7,1405,1.0095840733176311
ACTTAAC,7,1405,1.0095840733176311
AGACTTT,7,1405,1.0095840733176311
AGACATG,7,1405,1.0095840733176311
AGATTCT,7,1405,1.0095840733176311
AGGTTTG,7,1405,1.0095840733176311
AGGTGAA,7,1405,1.0095840733176311
AGGTGAT,7,1405,1.0095840733176311
ATCAAGA,7,1405,1.0095840733176311
ATGAAGT,7,1405,1.0095840733176311
ATGCACT,7,1405,1.0095840733176311
CAAGAGG,7,1405,1.0095840733176311
CACTTTC,7,1405,1.0095840733176311
CAGATGC,7,1405,1.0095840733176311
CAGATGA,7,1405,1.0095840733176311
CATTTTG,7,1405,1.0095840733176311
CATTAAT,7,1405,1.0095840733176311
CTATGCA,7,1405,1.0095840733176311
CTATTGA,7,1405,1.0095840733176311
CTGTTAC,7,1405,1.0095840733176311
CTTACAT,7,1405,1.0095840733176311
CTTCAGT,7,1405,1.0095840733176311
CTTCAGA,7,1405,1.0095840733176311
CTTGTAC,7,1405,1.0095840733176311
GAATTTG,7,1405,1.0095840733176311
GCTATGA,7,1405,1.0095840733176311
GCTATTA,7,1405,1.0095840733176311
GCTAAAC,7,1405,1.0095840733176311
GGTACTA,7,1405,1.0095840733176311
GTACTGA,7,1405,1.0095840733176311
GTAGTTT,7,1405,1.0095840733176311
GTGAAAA,7,1405,1.0095840733176311
GTGAAGA,7,1405,1.0095840733176311
GTGAAGT,7,1405,1.0095840733176311
GTTGATA,7,1405,1.0095840733176311
TAACACA,7,1405,1.0095840733176311
TAATTTA,7,1405,1.0095840733176311
TACTTGG,7,1405,1.0095840733176311
TACTTAC,7,1405,1.0095840733176311
TACTTAA,7,1405,1.0095840733176311
TACTTAT,7,1405,1.0095840733176311
TAGATTT,7,1405,1.0095840733176311
TAGAAGA,7,1405,1.0095840733176311
TAGTTTA,7,1405,1.0095840733176311
TATGAAG,7,1405,1.0095840733176311
TATTGAA,7,1405,1.0095840733176311
TCATCAA,7,1405,1.0095840733176311
TCATGCA,7,1405,1.0095840733176311
TCATTTT,7,1405,1.0095840733176311
TCTATGC,7,1405,1.0095840733176311
TCTTACA,7,1405,1.0095840733176311
TGACACA,7,1405,1.0095840733176311
TGATTTA,7,1405,1.0095840733176311
TGCACCT,7,1405,1.0095840733176311
TGCAAAA,7,1405,1.0095840733176311
TGCAAAT,7,1405,1.0095840733176311
TGGAACA,7,1405,1.0095840733176311
TGGTTAC,7,1405,1.0095840733176311
TGTCATG,7,1405,1.0095840733176311
AAACATG,7,1404,1.0088720761355414
AAAGTGT,7,1404,1.0088720761355414
AATAAAA,7,1404,1.0088720761355414
ACACAAC,7,1404,1.0088720761355414
ACCAATG,7,1404,1.0088720761355414
ATCAGCT,7,1404,1.0088720761355414
CAATTAT,7,1404,1.0088720761355414
CAGAAGT,7,1404,1.0088720761355414
CAGATTT,7,1404,1.0088720761355414
CATGTTA,7,1404,1.0088720761355414
CTCAAAC,7,1404,1.0088720761355414
GACAATG,7,1404,1.0088720761355414
GGTAATG,7,1404,1.0088720761355414
GGTGAAG,7,1404,1.0088720761355414
GTAATGC,7,1404,1.0088720761355414
TAGATGC,7,1404,1.0088720761355414
TAGATTC,7,1404,1.0088720761355414
TCATTTG,7,1404,1.0088720761355414
TGGAACT,7,1404,1.0088720761355414
TGTCACA,7,1404,1.0088720761355414
TTGGAAC,7,1404,1.0088720761355414
AAACTGG,7,1403,1.0081595716522458
CACAACA,7,1403,1.0081595716522458
CAGATTC,7,1403,1.0081595716522458
GACATTC,7,1403,1.0081595716522458
GTACTTT,7,1403,1.0081595716522458
GTGAAAT,7,1403,1.0081595716522458
TGAAATC,7,1403,1.0081595716522458
TGGAAAG,7,1403,1.0081595716522458
TGGTTGA,7,1403,1.0081595716522458
AGCTTAA,7,1402,1.0074465591443205
AGTGCTA,7,1402,1.0074465591443205
TAGAAGT,7,1402,1.0074465591443205
GCTATGC,7,1401,1.0067330378867918
CTAATTA,7,1396,1.0031577748721028
GCTGCAT,7,1393,1.0010064653295905
TTAGTGC,7,1393,1.0010064653295905
CATGCTT,7,1392,1.0002883324441498
TCTAAAC,7,1381,0.9923546449590771
CATGTGA,7,1374,0.9872729643320796
TTTCTAC,7,1341,0.9629623748314634
AATATGA,7,1328,0.9532208215861642
CAGAATA,7,1327,0.9524675258819923
GGTTTAT,7,1248,0.8910890404791579
CTACAAA,7,1129,0.7908790556994469
CACAAAA,7,1128,0.7899929236077892
CTATGTC,7,1128,0.7899929236077892
AGATGGC,7,1127,0.7891060055895611
ATGCACA,7,1126,0.7882183002494205
AAGTGTT,7,1125,0.7873298061883054
AATAATT,7,1125,0.7873298061883054
AGCTTTG,7,1125,0.7873298061883054
ATCTTTT,7,1125,0.7873298061883054
ATCTACA,7,1125,0.7873298061883054
ATTCTAT,7,1125,0.7873298061883054
CAATGTA,7,1125,0.7873298061883054
CACTAAT,7,1125,0.7873298061883054
CATGTTG,7,1125,0.7873298061883054
CATGTGG,7,1125,0.7873298061883054
CTACAAT,7,1125,0.7873298061883054
CTATGAA,7,1125,0.7873298061883054
GGTACTG,7,1125,0.7873298061883054
GTAAATA,7,1125,0.7873298061883054
GTAGATT,7,1125,0.7873298061883054
TGCAAAG,7,1125,0.7873298061883054
TGTCAAA,7,1125,0.7873298061883054
AAGGAAA,7,1124,0.7864405220034213
AAGGAAG,7,1124,0.7864405220034213
AAGGAAT,7,1124,0.7864405220034213
AAGTGCT,7,1124,0.7864405220034213
AAGTGCC,7,1124,0.7864405220034213
AATATGG,7,1124,0.7864405220034213
ACTATAA,7,1124,0.7864405220034213
AGAAGAG,7,1124,0.7864405220034213
AGAGAAA,7,1124,0.7864405220034213
AGAGTTG,7,1124,0.7864405220034213
AGCTGTC,7,1124,0.7864405220034213
AGTGCAA,7,1124,0.7864405220034213
AGTGTGA,7,1124,0.7864405220034213
ATGAATG,7,1124,0.7864405220034213
ATGCAAC,7,1124,0.7864405220034213
ATGCAGC,7,1124,0.7864405220034213
ATTCTAC,7,1124,0.7864405220034213
ATTCTAA,7,1124,0.7864405220034213
CAATGGC,7,1124,0.7864405220034213
CATGCAA,7,1124,0.7864405220034213
CATGCAG,7,1124,0.7864405220034213
CTAATTT,7,1124,0.7864405220034213
CTAATTC,7,1124,0.7864405220034213
CTACAGG,7,1124,0.7864405220034213
GAATTTA,7,1124,0.7864405220034213
GACATTA,7,1124,0.7864405220034213
GATGAAA,7,1124,0.7864405220034213
GATGATA,7,1124,0.7864405220034213
GCTATTT,7,1124,0.7864405220034213
GCTAATA,7,1124,0.7864405220034213
GCTGCAA,7,1124,0.7864405220034213
GCTGCAG,7,1124,0.7864405220034213
GGTAAAG,7,1124,0.7864405220034213
GGTAAAA,7,1124,0.7864405220034213
GGTACAC,7,1124,0.7864405220034213
GGTGAAA,7,1124,0.7864405220034213
GTAATGT,7,1124,0.7864405220034213
GTACTTA,7,1124,0.7864405220034213
GTAGTTA,7,1124,0.7864405220034213
TAACTGC,7,1124,0.7864405220034213
TAACTGG,7,1124,0.7864405220034213
TAGATGA,7,1124,0.7864405220034213
TAGAAGG,7,1124,0.7864405220034213
TAGTTGC,7,1124,0.7864405220034213
TATGTCA,7,1124,0.7864405220034213
TATTGAT,7,1124,0.7864405220034213
TGTCATA,7,1124,0.7864405220034213
TGTCAAT,7,1124,0.7864405220034213
AAGTGAC,7,1123,0.7855504462882281
ACTATAG,7,1123,0.7855504462882281
AGCTAAT,7,1123,0.7855504462882281
CAATGGA,7,1123,0.7855504462882281
CTACAGT,7,1123,0.7855504462882281
CTATGTG,7,1123,0.7855504462882281
GCTATTG,7,1123,0.7855504462882281
GTAAAAT,7,1123,0.7855504462882281
GTAGACT,7,1123,0.7855504462882281
TCTATTG,7,1123,0.7855504462882281
TTAGTGA,7,1123,0.7855504462882281
AGGTTCA,7,1122,0.7846595776324266
CTACACT,7,1122,0.7846595776324266
GTAGACA,7,1122,0.7846595776324266
TAGATGG,7,1122,0.7846595776324266
TCATCTA,7,1122,0.7846595776324266
AGCTATG,7,1121,0.783767914621945
GCTAAAA,7,1121,0.783767914621945
CTATGCC,7,1120,0.782875455838925
AGTGCAC,7,1114,0.7775039120370143
ACCAACT,7,1001,0.6705462708650055
ACCAACC,7,997,0.6665422615116233
ACCTACT,7,846,0.5023108511560083
GTAAATT,7,843,0.49977188263549804
ACTGACA,7,843,0.49875844955164034
AGATTCC,7,843,0.49875844955164034
AGCTATT,7,843,0.49875844955164034
AGCTATA,7,843,0.49875844955164034
AGTGCAG,7,843,0.49875844955164034
ATCAGAG,7,843,0.49875844955164034
CAAGAGT,7,843,0.49875844955164034
CAAGAGA,7,843,0.49875844955164034
CATGCTA,7,843,0.49875844955164034
CTACAGA,7,843,0.49875844955164034
CTATGCT,7,843,0.49875844955164034
CTGAAAA,7,843,0.49875844955164034
CTGAAAT,7,843,0.49875844955164034
CTGAAAC,7,843,0.49875844955164034
TCATCTG,7,843,0.49875844955164034
TCATCTC,7,843,0.49875844955164034
TCATGTG,7,843,0.49875844955164034
TCATGTC,7,843,0.49875844955164034
TTAGTAC,7,843,0.49875844955164034
TCATGTT,7,842,0.4975715057921117
TCATGCT,7,842,0.4975715057921117
TTAGTAA,7,842,0.4975715057921117
TGCACAT,7,838,0.49280959203186797
ACG,3,0,0
CCA,3,0,0
CCC,3,0,0
CCG,3,0,0
CGA,3,0,0
CGC,3,0,0
CGG,3,0,0
CGT,3,0,0
GAG,3,0,0
GCA,3,0,0
GCC,3,0,0
GCG,3,0,0
GGA,3,0,0
GGC,3,0,0
GGG,3,0,0
GTC,3,0,0
TCC,3,0,0
TCG,3,0,0
