CATGAATTCACCT,13,2,6.015367248281268
TTGGATAATACAT,13,2,6.015367248281268
AGATGATTCCAT,12,7,5.878788178521231
CTCACTCCACAC,12,7,5.878788178521231
TTGGAAAAAACT,12,7,5.878788178521231
AGATTCTGGTAT,12,5,5.542315941900018
AACTACACCAA,11,20,5.539277524885712
TGCTGGTGTGT,11,19,5.487984230498161
CACTCCACACA,11,18,5.433917009227885
AAGTTGAATCTC,12,4,5.319172390585808
TTGGATAAAGAG,12,4,5.319172390585808
GATTCTTCCTA,11,15,5.25159545243393
TGCATTCCATT,11,15,5.25159545243393
AATCTCTGGGA,11,14,5.18260258094698
CATGATTTGGC,11,14,5.18260258094698
GTGAGTTTTGGA,12,3,5.031490318134027
ATTGTGAATGG,11,12,5.028451901119721
GATTTGGCTCT,11,12,5.028451901119721
CTGTGTGTGT,10,47,5.004369278926946
GTGGTGTGT,9,187,4.996015868382454
CAATAAAAAAT,11,11,4.941440524130091
CTTCCATTTGT,11,11,4.941440524130091
GGAGAGAGAGA,11,11,4.941440524130091
ATCACCACCA,10,42,4.891891295500256
GATGGTGATG,10,42,4.891891295500256
TGGAATGGA,9,162,4.852503586760251
AGATTCAATGC,11,10,4.846130344325767
CTGAGAATGCT,11,10,4.846130344325767
GAATGGAAT,9,158,4.827502284554834
TCTCTCTCT,9,154,4.801859853941496
CTCTCTCTC,9,145,4.741640993948441
AAGTTGGATTC,11,9,4.74076982866794
AATCTATAAAT,11,9,4.74076982866794
AGCAAAAAGAA,11,9,4.74076982866794
AGTTTTTTCCA,11,9,4.74076982866794
CATGAGTGAAC,11,9,4.74076982866794
TGGGAGTTCAC,11,9,4.74076982866794
TTGGATTCCTA,11,9,4.74076982866794
AGTGGAATGG,10,35,4.709569738706301
AGACACACA,9,135,4.670182029966297
CATGAATCTACT,12,2,4.626025210025863
CCTTCTTTTTCT,12,2,4.626025210025863
TCTATTCTGTTG,12,2,4.626025210025863
AGATATTTCCT,11,8,4.622986793011557
ATCTGTGTGTG,11,8,4.622986793011557
CATTCCATT,9,122,4.568928296261124
TCCATTCCA,9,121,4.560697797124608
ATGGAATGG,9,118,4.535591875993531
TGTATGTGT,9,112,4.483406122822961
CCATTCCAT,9,107,4.437736085989773
GTATGTGTG,9,106,4.428346345639934
AGTGGAGTGG,10,25,4.373097502085088
CACTCACACA,10,25,4.373097502085088
ATCTGATCTTT,11,6,4.335304720559776
TCTAATGGAAT,11,6,4.335304720559776
TCTATTCCATT,11,6,4.335304720559776
TGGGAAAACTG,11,6,4.335304720559776
TGCATGTGTG,10,24,4.332275507564833
ACACACA,7,1304,4.159497368044495
ATTGTGTGTGT,11,5,4.152983163765821
CATGATGTGTG,11,5,4.152983163765821
CATGTGTGTG,10,20,4.149953950770878
ACTACACAC,9,77,4.108712673381551
GATTCCATT,9,70,4.0134024935772254
CCACACAC,8,278,4.003223032863919
AGTGTGTGT,9,68,3.9844149567039735
ACCACACA,8,264,3.951551022319598
ATTGTGATGTT,11,4,3.929839612451611
GATTTGGGGTG,11,4,3.929839612451611
TGAGTGTGTG,10,16,3.9268103994566683
TGGTGTGT,8,254,3.912936186191818
CAACACACA,9,63,3.9080419779193996
CACCACAC,8,251,3.9010548583050655
GGTGTGTG,8,249,3.8930548156379894
ATTCCATT,8,243,3.8686633625138303
CATCACACA,9,58,3.825350262074286
GTGTGTG,7,905,3.7942405692578234
ATCACACAC,9,55,3.7722404367603377
TGTGTGT,7,875,3.7605295119155118
TACACACA,8,217,3.7554992727137413
AATGGAAT,8,213,3.7368940848827066
ATTCAATTCC,10,13,3.719171034678424
ATTGAATGGA,10,13,3.719171034678424
TTCCATTC,8,207,3.708320712438651
ATCTGTTTTGG,11,3,3.6421575399998303
CATGAAATGTT,11,3,3.6421575399998303
CCTTTTTTTTT,11,3,3.6421575399998303
CCTTTCCTTTC,11,3,3.6421575399998303
TGCAAAAATC,10,12,3.639128327004888
GGAATGGA,8,192,3.633097291201063
GATGATGGT,9,47,3.6150548532379254
ATGTGTGT,8,181,3.574098950439107
CCTTTCCATT,10,11,3.552116950015258
GTGAGTTGAA,10,11,3.552116950015258
TTGGTGTATA,10,11,3.552116950015258
GAGAGAGA,8,174,3.5346572183878107
GACACACA,8,171,3.5172654756759414
ATACACAC,8,169,3.505500634096355
ACATACAC,8,168,3.4995658985765408
CATACACA,8,167,3.4935957315900366
TATGTGTG,8,154,3.4125545215869106
ATGATGGTG,9,37,3.3758251641720913
GGAGGAGGAG,10,9,3.3514462545531067
CTCACACAC,9,34,3.291267776144028
AATCTCAGACC,11,2,3.236692431891666
AGATATAGACC,11,2,3.236692431891666
ATTGTGATAGT,11,2,3.236692431891666
TCTAATCAGTT,11,2,3.236692431891666
TTGGATATTTA,11,2,3.236692431891666
TGAGTTGAAT,10,8,3.2336632188967234
TGCAATCAAA,10,8,3.2336632188967234
CACACA,6,1993,3.1944146367894763
TCACACAC,8,117,3.137775853971038
GTGAGTGTG,9,29,3.132203081514341
CATCACCA,8,112,3.094100790468376
CCCACACAC,9,27,3.060744117532196
TGGGTGTGT,9,26,3.0230037895493487
CATGAAAAAA,10,6,2.9459811464449426
CCTTCTTTCT,10,6,2.9459811464449426
TTGGTTTTCT,10,6,2.9459811464449426
TGATGGTG,8,95,2.9294788107738223
AAAAAAA,7,374,2.910561422972429
TGCTGTGTG,9,23,2.9004014674570167
TGAGAAAATT,10,5,2.7636595896509877
AGAGAGA,7,300,2.690088100214098
TTTCTTTT,8,66,2.565256661199707
GATGGATG,8,65,2.549989189068919
GGAGTGGA,8,65,2.549989189068919
AGATGATGAT,10,4,2.540516038336778
GTGAGTTTTT,10,4,2.540516038336778
ATTATTTTT,9,16,2.537495973767648
TCTTTTTT,8,64,2.5344850025329535
GGAGGAAGA,9,15,2.472957452630077
TCTAAAATT,9,15,2.472957452630077
GAAAAAAA,8,58,2.436044929719701
CTTTTTTT,8,54,2.364585965737556
TTATTTTT,8,53,2.3458938327254035
ATTGATTTT,9,13,2.3298566089894037
AGATATAGAA,10,3,2.252833965884997
CATGAGAATA,10,3,2.252833965884997
TGCAATCTTC,10,3,2.252833965884997
TTGTTTTT,8,46,2.2042433156623766
CCTTTTTCA,9,11,2.162802524326237
AATCAAAT,8,44,2.159791553091543
CCAAAAAA,8,43,2.136802034866844
ACAAAAA,7,172,2.13380010237135
AATAAAA,7,166,2.0982934139144405
GGTGGTG,7,162,2.0739019607902813
CCTTTCTTT,9,10,2.0674923445219124
CTTCCTTCT,9,10,2.0674923445219124
TGATTTTT,8,40,2.064481373287218
TCAAAAAA,8,38,2.013188078899667
TCCTTTCC,8,38,2.013188078899667
AAAGAAA,7,149,1.9902519315033562
AAACAAA,7,148,1.9835178993220122
TTTTTT,6,587,1.9720431364047781
CTCACTCTG,9,9,1.962131828864086
TAATTTTT,8,36,1.9591208576293917
TTTATTT,7,140,1.9279480481672013
TTCTTTT,7,138,1.9135593107151017
ATGAAAAA,8,34,1.901962443789443
GGAAAAAA,8,34,1.901962443789443
AACAAAA,7,136,1.8989605112939492
AATCTCAGAG,10,2,1.8473688577768326
CATGAATTCT,10,2,1.8473688577768326
CATGAATTTA,10,2,1.8473688577768326
TCTAATCTAT,10,2,1.8473688577768326
TCTAATCTTA,10,2,1.8473688577768326
TCTAATCTTG,10,2,1.8473688577768326
TCTAATGTGA,10,2,1.8473688577768326
TTGGATAATT,10,2,1.8473688577768326
TTGGATATTC,10,2,1.8473688577768326
AGATTCACA,9,8,1.8443487932077027
ATTATATTT,9,8,1.8443487932077027
TGGGTTTTT,9,8,1.8443487932077027
GAAGAAA,7,117,1.7484795603556533
ATTGTTTT,8,29,1.7428977491597557
TTTGTTT,7,112,1.7048044968529916
TTAAAAA,7,110,1.6867859913503134
CAAAAA,6,409,1.6107334726194833
AAGAAA,6,407,1.6058315020192766
TGAGTTTT,8,25,1.5944777440414823
AAGGAAA,7,100,1.5914758115459884
GTTTTTT,7,99,1.581425475692487
TTCCTTT,7,98,1.571273104228469
CTGAAAAA,8,24,1.5536557495212273
GGAGAAAA,8,24,1.5536557495212273
ATTAAAA,7,96,1.5506538170257333
CTGTTTT,7,96,1.5506538170257333
TAGAAAA,7,89,1.474941995290037
TGAAAAA,7,83,1.405146233354495
GTGATG,6,328,1.3900319249608255
ATAAAA,6,320,1.365339312370454
GATTTTT,7,79,1.3557534780249185
TCATTTT,7,79,1.3557534780249185
TATTTT,6,316,1.3527605301635939
AGGAGAA,7,77,1.330111047411581
TAAAAA,6,306,1.3206034185290625
TTGATTT,7,75,1.3037937390942076
CTTCAAA,7,72,1.2629717445739523
TCCTTTT,7,72,1.2629717445739523
TGTTTT,6,285,1.2495074968453324
CTTCTTT,7,71,1.2489855025992125
TGCTTTT,7,69,1.2204121301551565
ATATATA,7,68,1.2058133307340038
TTGAATG,7,68,1.2058133307340038
AATTTT,6,272,1.2028203828726791
AGAAA,5,1083,1.1952301856099468
CTCAAAA,7,66,1.1759603675843227
TCTATTTT,8,16,1.148190641413063
ATTTT,5,1020,1.1352978448872728
ACTTTTT,7,63,1.1294403519494298
GAGAAA,6,252,1.126447404088105
ACAGA,5,1003,1.1184907265708917
CATTTT,6,245,1.0982765271214088
TATATAT,7,60,1.0806501877799977
CAATTTT,7,59,1.0638430694636165
AGGAAA,6,234,1.0523394319343833
TGAATG,6,228,1.0263639455311224
AGATTTT,7,56,1.0116573162930464
CAGAAA,6,221,0.9951810180944346
AGATGAAA,8,13,0.9405512766348184
AAACTA,6,209,0.9393525685414927
TTCAAA,6,202,0.9052860139778864
TCTGT,5,782,0.8695946791542672
CCCAAAA,7,47,0.8364532272679557
AAAT,4,2966,0.8134399612105063
TGCATTT,7,40,0.6751850796718334
TGGGAAT,7,40,0.6751850796718334
CCTTCA,6,134,0.49485811652759304
TCTAATT,7,31,0.4202928300430433
AAGTTT,6,120,0.38451005935872773
ACG,3,0,0
CCG,3,0,0
CGA,3,0,0
CGC,3,0,0
CGG,3,0,0
CGT,3,0,0
CTA,3,0,0
GCA,3,0,0
GCC,3,0,0
GCG,3,0,0
GCT,3,0,0
GGC,3,0,0
GGG,3,0,0
GTC,3,0,0
TCG,3,0,0
