467,707
440,670
112,313,383,629,827,955
140
23,187,306,432,480,691,796
2,97,305,386,446
55,137,193,389,589,641,742,883
208,254,444,752,925
140,231,515,702,857
115,314,671,782
395,603,906,984
38,287,388,429,436,479,492,508,516,527,584,657,685,891,981
130,378,631,703,943,985,988
190,203,237,347,413,442,528,557,559,574,711,838,919
14,38,287,388,429,436,454,508,516,527,584,685,981,990
317
388,429,436,454,508,516,527,584,657,685,981,990
14,38,287,388,429,436,508,516,527,584,981,990
49,64,70,146,161,239,319,328,569,591,610,693,842,907,935,936,982
70,104,110,177,184,213,217,255,277,319,343,404,438,450,489,497,499,524,570,663,686,693,730,750,790,800,826,842,851,876,880,902,912,916,935,983,989
97,129,156,203,424,442,477,482,549,715,833
28,388,429,436,479,508,516,527,584,685,981
32,76,256,275,358,614,743,838
101,164,289,392,439,531,578,655,794,875
60,111,118,299,496,564,604,712,999
8,26,29,31,87,279,303,371,433,443,465,484,496,503,545,580,611,708,749,849,870,910,952
23,187,261,306,322,350,432,480,691,946
133,405,615,667,688
8,26,29,87,279,303,371,433,443,484,496,503,545,611,708,769,849,870,910,999
72,120,239,345,460,498,598,768,940
20,72,120,239,338,345,448,498,598,768,940
388,429,454,508,516,527,584,685,981
14,38,287,436,516,584,657,685,891
16,243,270,278,350,360,812,865,977
262,291,429,508,516,527,584,685,981
23,187,274,399,455,480,691,796,865
388,429,436,454,516,527,584,685,981
388,429,454,508,516,527,584,685,981
8,26,29,279,371,496,545,849,910,952
5,6,7,20,25,54,186,226,240,261,275,298,350,358,395,428,459,476,519,536,581,592,607,647,674,681,772,819,837,857,906,909,945
135,475
41,293
810
133,405,430,599,871,922
49,319,591,704,936,982
130,272,302,313,378,383,456,537,629,631,703,873,903,943,955,985,988
130,302,313,378,383,456,537,629,631,654,827,873,903,943,955,985,988
8,26,29,31,87,279,303,371,433,443,484,496,503,545,580,611,708,849,870,910
49,52,64,146,167,182,195,217,236,255,282,319,334,372,404,450,497,499,509,524,610,692,693,800,807,810,826,834,854,858,881,902,907,912,913,916,935,950
130,302,313,378,383,456,537,629,631,654,827,873,903,943,955,985,988
182,195,217,236,255,308,319,372,404,450,497,499,524,610,693,790,800,807,826,834,842,858,902,912,916,935,938,950
8,371,496,545,849,910
20,51,96,297,298,339,355,459,587,596,811
126,219,311,364,406,808
87,303,443
269,313,456,943,988
126,168,219,243,270,406
49,182,308,335,547,570,610,789,800,858,912,916,938,983
5,6,7,20,24,25,27,45,48,51,54,61,71,80,95,99,116,119,133,139,140,147,148,149,151,155,175,178,179,186,198,216,220,226,228,231,240,247,258,261,268,272,275,297,298,300,307,309,321,339,350,351,355,358,366,373,376,395,403,405,410,425,428,430,448,459,462,467,472,473,475,476,494,495,512,513,514,515,519,536,550,552,556,561,581,586,587,592,596,599,601,606,607,609,615,636,647,651,660,674,679,681,695,701,702,706,707,709,722,728,748,766,772,776,777,811,815,819,837,857,869,888,890,892,904,906,908,909,914,927,945,951,992
86,605,834,918
152,975
49,182,547,610,760,790,800,858,912,916,938,982
27,61,116,140,149,228,231,307,339,355,373,425,472,475,552,587,592,674,695,701,706,766,927
66,69,112,130,302,313,378,383,456,537,629,631,827,903,943,955,985,988
13,24,25,48,51,54,61,80,95,96,119,140,149,151,178,179,198,216,231,240,265,268,270,297,298,300,307,339,340,350,355,373,403,410,475,476,513,515,536,552,556,578,587,592,601,609,647,651,674,681,695,701,702,706,728,776,811,815,819,837,857,908,914,927,951
86,104,152,182,213,236,343,450,524,547,570,605,730,779,826,834,842,851,864,880,902,912,916,935,983
13,24,25,48,51,61,76,95,119,139,149,151,178,190,216,231,244,268,297,300,307,339,355,360,373,403,473,475,476,513,515,520,536,552,556,578,587,592,595,601,609,647,651,674,681,695,701,702,706,728,766,776,811,815,837,857,874,914,927,931,951
386,509,572,961
2,11,305,446
86,104,152,182,236,343,547,570,935
15,68,70,79,104,110,136,150,152,177,184,208,213,217,254,255,277,317,319,343,371,404,438,444,446,450,489,497,499,524,533,570,663,686,693,730,750,752,789,790,800,826,842,851,876,880,902,912,916,925,928,935,970,983,989
24,27,45,71,139,149,155,178,228,268,272,297,355,467,473,512,592,596,647,651,674,695,702,722,728,837,857,914,951
13,24,25,30,48,51,61,119,149,151,178,216,231,235,237,268,289,297,298,300,307,339,347,355,373,392,403,413,453,459,473,475,476,513,515,520,528,536,552,556,587,592,601,609,610,647,651,674,681,695,701,702,706,728,754,766,776,811,857,866,875,914,927,931,951
19,68,70,79,86,104,110,136,146,177,182,184,208,213,217,254,255,277,317,318,319,343,348,369,404,438,444,450,489,497,524,570,605,617,693,730,750,760,779,789,790,800,810,826,842,851,876,880,902,912,916,925,928,935,936,970,983,989
66,69,112,114,130,269,272,302,313,378,383,411,456,537,608,629,631,686,703,827,839,873,903,941,943,955,985,988
95,119,151,163,178,204,268,355,364,373,382,475,577,609,651,674,701,702,728,808,809,857,951
4,19,49,64,68,70,79,86,104,110,136,146,152,161,177,182,184,208,213,217,236,239,254,255,277,308,317,318,319,328,335,343,348,369,404,438,444,450,469,489,497,499,524,547,569,570,573,591,605,610,617,693,704,730,750,759,760,770,779,789,790,800,810,826,834,842,851,858,864,876,880,902,907,912,916,918,925,928,935,936,938,950,970,982,983,989
37,95,119,178,231,268,355,373,382,426,459,475,556,609,651,674,701,702,728,857,951,966
4,12,49,52,63,64,70,77,86,104,110,146,152,161,177,182,184,213,217,236,239,244,255,277,285,295,308,317,319,328,335,343,345,356,369,404,438,450,469,489,497,499,524,547,569,570,573,591,605,610,613,693,704,709,730,759,760,770,779,789,790,800,804,807,826,834,842,851,858,864,876,880,902,907,912,916,918,928,935,936,938,950,970,974,982,983,989,995
5,6,24,27,48,54,61,99,116,119,139,140,149,151,178,228,231,240,247,261,268,297,298,307,309,339,366,373,403,405,425,430,459,462,472,475,512,513,515,536,552,561,581,587,592,596,599,607,609,615,636,647,651,660,674,681,695,701,702,706,748,766,772,777,811,815,857,869,890,908,909,914,927,945,992
8,26,29,31,87,123,279,303,371,433,443,484,486,496,503,545,611,708,729,769,831,849,870,910,976,991,999
130,302,313,378,383,456,546,631,985,988
87,303,433,443,484,545,708,859,870
112,130,210,302,313,378,383,399,456,461,481,537,629,631,827,873,903,943,955,985,988
510,516,617
14,287,491
282,409,620
68,631
0,36,59,115,399,418,455,530,634,782,796,964
8,26,29,31,87,279,284,303,371,433,443,465,484,496,503,545,580,607,611,635,708,749,849,870,910,952
60,90,111,113,136,299,380,383,437,564,604,712,999
12,49,63,70,86,104,110,146,152,177,182,213,217,236,255,277,285,308,317,319,335,356,438,450,497,499,524,547,570,573,591,610,693,760,789,790,800,807,826,842,858,880,902,912,916,936,938,950,970,974,982,983,989
93,302,313,537,619,801,827,988
309,430,490,561,599,688,871
274,388,429,436,508,527,584,644,657,981,990
5,6,7,32,76,81,252,256,266,275,358,384,394,416,428,471,540,568,607,614,626,705,743,764,783,838,898,965
5,6,7,20,25,54,61,139,148,186,220,226,240,261,275,298,350,351,358,395,428,459,473,476,519,536,556,581,587,592,607,647,651,674,681,695,709,772,819,837,857,904,906,909,927,945
6,24,25,27,48,51,54,61,119,139,149,151,168,178,228,231,240,247,258,261,268,297,298,300,307,309,339,366,373,403,405,421,430,462,473,485,513,515,536,552,561,581,587,596,599,601,607,609,637,647,660,674,681,701,702,706,748,772,776,811,815,857,869,871,890,908,909,914,927,945,996
5,6,20,24,27,48,51,54,61,95,97,115,119,139,140,147,165,168,179,198,228,231,240,247,261,268,297,298,314,333,355,373,403,415,418,428,475,477,485,513,515,520,531,536,549,581,587,596,601,607,609,647,674,681,702,728,766,772,776,782,788,802,811,815,819,843,857,908,909,914,927
5,6,24,27,48,51,54,61,119,139,151,168,178,228,231,240,247,261,268,297,298,300,307,355,373,403,418,428,473,485,513,515,520,536,552,577,587,596,601,607,609,621,647,674,681,701,702,706,728,766,772,776,788,811,815,819,843,857,860,890,908,909,914,927,951
2,49,70,104,110,182,195,213,217,236,247,255,277,285,308,319,372,404,450,497,499,524,567,591,610,618,693,738,790,800,803,807,826,834,842,858,902,912,916,935,936,938,950,970,974,982,983
60,90,111,136,299,564,712,999
195,372,469,543,568,676,930
20,51,61,96,298,339,373,459,581,587,596,701,811,828,837,908,927
273,653
219,406
53,252
690,832
417,835
309,401,430,561,599,615,688,871
190,279,413,445,528,559,708,919
5,6,7,12,13,20,24,25,27,30,37,45,48,51,54,61,71,76,80,82,95,96,99,107,116,119,133,135,139,140,143,144,147,148,149,151,155,163,175,178,179,186,190,195,198,204,216,220,226,227,228,231,234,240,244,247,258,261,265,268,270,272,275,278,284,297,298,300,307,309,311,321,337,339,340,350,351,355,358,360,362,364,366,372,373,376,382,395,403,405,410,425,426,428,430,437,448,459,461,462,467,472,473,475,476,494,495,512,513,514,515,519,520,536,540,550,552,556,561,575,577,578,581,586,587,592,594,595,596,599,601,603,606,607,609,614,615,622,635,636,647,651,660,674,679,681,683,688,695,701,702,705,706,707,709,722,728,748,751,755,759,761,766,772,776,777,795,802,805,806,808,809,811,815,819,820,828,837,843,857,869,874,888,890,892,904,906,908,909,914,922,924,927,931,945,951,966,969,978,984,992
20,37,51,61,95,96,119,178,231,265,268,272,297,298,339,355,373,382,426,459,475,550,556,581,587,596,609,651,674,681,701,702,728,811,828,837,857,908,927,951,966
86,152,182,236,255,308,524,547,570,760,789,834,935
13,21,25,101,106,114,164,280,289,392,423,439,461,578,655,706,794,875,911,931
25,61,80,96,119,216,231,240,307,475,513,651,701,811,815,819,908,927,951
19,22,79,110,177,182,213,255,301,438,450,489,497,570,693,760,779,902
3,16,365,580,802,930
215,288,656,787,900,950
423,434,582,605,663,971
50,60,90,111,118,136,184,299,564,583,604,712,795,814,840,918,928,999
0,2,16,17,21,36,45,56,87,97,103,134,147,153,155,161,169,185,218,220,222,233,242,259,283,288,293,312,314,323,331,333,360,361,363,366,380,391,398,410,412,415,416,418,420,446,448,457,458,477,493,502,504,506,517,521,526,531,544,562,563,580,588,595,606,628,633,634,639,645,671,675,678,681,690,692,714,715,717,720,723,724,729,731,732,746,748,752,755,756,767,768,781,782,783,788,801,819,830,838,843,846,848,867,869,874,884,889,892,896,899,900,906,915,917,932,944,952,960,961,966,968,976,977,992,993,998
213,244,254,444,489,730,842,851,925,935
224,340,522,624,948
5,6,7,20,22,32,35,42,44,62,63,76,81,97,99,129,147,183,187,203,212,223,252,256,261,266,275,291,314,333,358,371,376,384,394,410,416,428,462,471,477,490,505,517,531,540,568,600,607,614,626,636,638,672,674,676,683,690,698,699,705,715,732,733,743,749,764,772,783,787,799,802,833,838,890,898,909,965,994
17,35,40,63,68,89,99,142,145,162,171,239,245,246,257,320,334,398,419,434,451,460,488,522,575,579,582,605,613,625,632,644,660,663,703,725,737,744,775,777,787,797,868,887,895,913,920,933,941,967,970,994
44,208,254,304,427,437,444,487,535,569,604,637,723,826,859,925
8,87,196,292,371,417,484,496,545,676,849,861,910
90,615,999
47,53,937,970
17,43,176,326,327,514,523,541,542,737,799,867,895,932,939
14,38,40,41,52,68,73,89,117,150,174,189,191,194,210,253,257,258,260,282,284,287,320,324,332,334,386,398,419,429,434,436,488,491,506,508,510,575,579,582,584,605,617,657,663,720,744,777,887,891,895,913,933,941,970,981,994,996
143,395,411,595,676,783,852,906
41,43,52,150,156,190,191,212,253,572,574,658,825,933
2,16,45,87,97,103,153,161,169,185,242,314,333,360,361,363,380,391,412,420,446,448,457,493,506,521,562,580,588,690,715,724,729,732,746,748,752,767,781,819,830,838,869,874,892,896,899,944,966,968,976,977
11,40,41,52,68,73,89,117,167,174,189,194,253,257,258,282,283,284,285,286,329,332,361,386,409,419,434,452,461,485,488,506,509,522,541,546,575,582,620,657,663,720,725,744,777,840,854,887,913,942,970
17,43,80,135,171,176,201,223,326,327,332,361,362,375,383,460,467,514,522,523,541,542,560,582,605,610,624,627,644,659,682,687,703,707,737,744,775,783,799,813,867,895,932,939,954
267,288,386,502,529,744,799,867,889,900,926,946,990
678,920,931
542,642,899
380,658,733
35,40,50,66,69,102,142,162,174,189,204,245,257,262,327,329,419,434,507,541,542,548,560,579,582,605,608,617,632,725,733,737,746,813,926,976,987
405,409,430,501,615,628,636,820,937
87,97,103,190,203,215,243,250,270,279,314,333,379,424,443,457,466,477,482,484,517,531,541,549,574,646,656,659,679,708,715,731,732,802,803,833,861,977
0,16,36,39,73,109,115,127,147,155,198,224,243,278,306,312,314,350,360,420,477,521,531,606,633,634,717,731,768,782,819,843,931,944,946,977,993
0,22,30,36,45,53,57,59,69,78,97,116,126,127,133,147,155,156,165,169,181,203,204,220,222,227,233,243,248,259,272,278,288,291,306,309,311,312,322,333,344,351,354,360,364,376,385,389,395,397,405,410,412,414,415,418,420,424,430,432,442,458,477,480,504,514,521,531,549,552,559,572,580,595,599,606,615,616,633,635,636,637,646,653,671,674,675,682,683,688,691,707,711,713,717,719,731,755,756,767,768,781,782,783,784,798,801,808,819,820,825,830,833,848,853,865,871,900,906,907,915,922,931,932,944,946,952,964,976,977,993,996
0,9,22,23,34,36,59,78,85,97,98,115,123,129,130,154,156,160,161,165,170,187,196,203,218,227,246,260,270,274,279,284,288,296,306,312,314,322,329,333,338,349,351,352,361,368,377,378,379,380,381,382,385,395,396,399,412,418,422,424,432,442,455,477,480,482,492,495,504,505,514,517,525,526,531,544,549,554,576,577,580,595,606,616,631,633,636,645,658,661,664,669,671,681,682,691,698,699,708,715,720,723,731,732,734,746,748,756,764,770,782,783,792,796,801,804,816,825,830,833,843,846,865,870,885,895,896,899,900,906,913,937,946,957,958,964,976,977,985
16,21,50,60,67,90,111,118,136,181,184,192,208,217,233,246,249,252,299,334,404,432,447,480,509,554,564,604,643,644,663,668,686,710,750,814,821,845,848,880,881,887,912,916,928,930,999
63,68,89,145,260,331,360,522,893,931
215,328,534,656,658,735,736,740,757,996
14,17,41,69,73,74,92,204,287,288,366,367,386,388,398,411,429,436,454,510,582,584,613,620,630,644,685,687,744,762,798,810,867,887,889,900,981,990
0,17,21,74,97,128,218,220,283,291,293,334,386,397,415,424,442,458,477,492,504,519,531,549,559,565,572,602,606,639,675,692,819,846,889,944,960
65,68,130,162,245,262,286,293,302,313,376,378,434,500,523,537,617,619,627,631,632,698,797,827,871,873,887,926,962,985,988
13,15,16,30,31,34,56,62,75,83,88,97,98,116,123,125,129,135,138,143,153,160,165,169,170,173,176,203,205,211,222,227,245,248,259,276,281,288,291,314,322,325,350,351,371,397,399,405,410,412,418,430,433,442,448,458,466,493,494,511,530,538,544,561,568,575,580,595,599,614,615,616,617,618,633,635,636,645,646,664,675,683,711,717,724,729,731,734,752,756,767,781,783,803,820,822,824,838,853,855,870,871,874,882,892,900,905,922,923,932,944,965,973,975,976,977
1,16,23,45,59,78,123,138,155,173,176,181,187,201,214,220,224,243,248,260,263,270,272,274,306,312,322,323,325,329,335,338,347,350,361,365,376,385,395,400,418,420,424,432,433,461,480,514,518,538,563,586,606,612,618,620,650,653,671,673,675,678,691,698,704,714,715,717,719,729,746,756,767,781,783,796,819,822,830,843,862,865,870,896,897,898,899,906,915,930,932,944,946,948,953,965,978,991
11,14,17,28,35,38,40,41,45,50,52,66,68,69,73,75,80,89,92,97,98,102,117,127,131,141,142,143,150,153,166,167,171,174,175,189,191,194,196,202,203,204,210,237,246,253,257,258,260,262,264,265,267,270,280,282,283,284,285,286,287,288,291,315,320,323,324,327,329,332,333,334,335,336,348,361,363,367,375,377,379,386,388,390,398,402,409,410,413,419,424,429,434,436,442,452,453,460,461,474,485,488,491,492,505,506,507,508,509,510,511,514,516,521,522,525,527,528,529,533,539,541,542,546,549,551,560,563,575,576,579,582,584,605,610,613,617,620,624,627,629,636,640,644,657,659,663,664,681,685,687,692,697,717,720,725,732,735,737,744,746,751,752,756,773,775,777,786,798,799,801,802,806,813,824,827,840,846,850,854,856,864,867,868,877,887,889,890,891,895,899,900,913,924,929,933,937,939,941,942,947,948,949,954,955,961,967,969,970,976,981,987,992,993,994,996
80,89,140,659,792,915,997
40,75,80,93,98,153,162,174,189,200,246,269,347,354,362,398,407,453,474,485,507,533,620,632,643,692,723,756,777,850,867,890,915,971,976,992
2,28,35,38,40,43,47,68,80,92,99,108,135,142,153,167,174,191,201,212,223,245,246,247,263,269,282,285,288,305,320,326,327,332,334,354,361,362,372,376,382,388,398,401,415,429,431,436,446,460,461,469,479,491,493,508,509,511,514,516,522,523,527,539,542,546,560,561,582,584,605,610,613,615,627,639,644,659,682,685,687,690,692,703,720,729,737,744,745,752,753,770,775,777,787,800,801,813,818,848,850,854,867,879,881,891,898,899,900,929,941,942,954,966,981,996,998
2,10,14,17,35,40,41,63,66,68,73,82,89,99,117,131,142,145,148,162,171,174,191,210,239,245,246,257,262,282,287,288,293,302,305,320,334,360,375,386,398,401,417,419,429,434,446,451,460,488,491,504,506,507,508,516,522,542,551,568,575,579,582,605,613,617,625,632,633,644,660,663,673,685,703,725,737,740,744,762,775,777,787,791,797,818,825,846,868,887,895,900,913,920,933,939,941,967,970,981,994
3,16,45,125,153,160,169,183,316,365,376,422,471,477,511,538,544,580,682,708,726,729,802,838,871,922,930,946,966,991
23,45,87,127,161,169,187,273,294,306,375,391,432,462,480,521,562,571,588,691,714,718,746,773,796,805,884,899,942,944,968,976,977
0,1,3,21,36,45,53,57,59,74,78,116,123,127,143,144,147,156,175,181,185,203,220,234,248,263,290,312,350,376,385,395,410,412,418,420,424,442,458,461,486,504,521,531,538,549,557,573,577,580,595,606,650,653,671,673,675,678,681,711,714,715,717,719,729,731,732,746,755,756,767,781,782,784,819,835,843,855,856,865,882,897,899,906,932,944,948,978
135,714
361,681
582,923
1,920
210,523
783,972
518,846
39,967
77,920
36,37,165,272,426,671,726,980
41,173,248,336,380,658,786,846
247,264,351,613,663,771,786,970
3,15,28,34,39,47,53,62,97,103,116,126,128,129,156,158,169,170,196,202,203,214,218,219,227,233,261,262,271,284,314,325,326,332,336,350,385,388,390,391,394,395,400,412,420,423,429,430,436,457,458,471,477,482,490,504,508,516,517,526,527,531,543,549,561,568,580,584,595,599,614,618,633,635,657,662,673,676,685,690,715,717,724,733,759,767,770,782,783,807,812,816,863,896,899,904,905,906,913,917,937,942,952,960,981,984
38,67,69,91,98,107,138,142,163,174,204,294,327,361,529,542,560,590,637,644,665,725,821,891,924,939
11,14,42,50,65,69,102,130,131,134,174,191,195,201,204,242,246,257,282,285,287,320,332,344,378,388,398,399,410,419,429,434,436,463,474,478,479,494,504,507,508,516,527,541,546,551,579,582,584,602,605,613,631,644,657,658,659,663,677,685,718,725,737,744,762,770,775,778,784,813,822,828,846,848,904,915,920,924,939,947,970,981,987
12,21,22,34,53,56,59,65,73,75,78,95,125,134,160,181,185,220,222,224,233,235,242,259,274,326,331,335,338,346,351,361,367,368,380,396,397,416,422,453,458,505,506,514,521,522,529,534,538,544,563,568,585,594,602,608,626,628,645,653,682,698,723,726,729,731,734,744,746,754,767,770,777,783,784,786,801,817,822,831,832,838,863,877,882,911,913,917,937,949,956,961,965,974,976,979,992,998
0,3,12,16,17,21,22,30,36,39,45,53,57,59,62,66,69,73,74,78,84,88,97,102,109,114,115,116,126,127,128,129,133,147,155,156,165,169,170,176,181,187,198,203,204,206,218,219,220,222,224,227,229,233,243,248,259,270,272,278,281,283,284,288,291,293,306,309,310,311,312,314,318,322,323,327,331,333,334,344,346,347,349,350,351,353,354,360,364,366,376,382,384,385,386,389,395,397,399,405,410,411,412,414,415,418,420,422,424,430,432,440,442,455,458,461,477,480,492,502,504,506,514,519,521,530,531,538,543,549,552,559,561,565,572,577,580,595,599,602,606,614,615,616,628,633,634,635,636,637,639,646,653,662,670,671,674,675,681,682,683,688,691,692,707,711,713,715,716,717,719,725,731,732,734,755,756,759,762,767,768,770,780,781,782,783,784,788,792,796,798,801,802,807,808,810,812,819,820,825,828,830,833,843,846,848,853,855,865,867,871,879,884,889,890,892,900,906,907,915,922,929,931,932,944,946,949,952,957,960,964,965,975,976,977,984,986,993,996,998
3,9,13,15,16,17,23,28,30,31,34,39,45,47,53,56,57,58,62,75,78,83,85,88,94,97,98,103,116,123,125,126,128,129,135,138,143,153,156,158,160,165,169,170,173,175,176,183,196,202,203,205,206,211,214,218,219,222,224,227,233,245,248,259,261,262,263,270,271,273,276,281,284,288,291,293,301,312,314,321,322,323,325,326,332,333,335,336,350,351,371,380,381,385,388,390,391,394,395,397,399,400,405,406,407,410,412,418,420,423,429,430,433,436,442,445,448,457,458,465,466,471,474,477,482,483,490,493,494,495,504,508,511,516,517,519,523,526,527,530,531,532,538,543,544,549,557,559,561,568,571,572,574,575,580,584,588,595,599,608,614,615,616,617,618,620,633,635,636,637,642,645,646,649,650,657,658,662,664,673,675,676,678,683,685,690,691,699,703,711,715,717,723,724,725,727,729,731,732,733,734,752,756,759,761,764,767,770,771,773,781,782,783,787,788,803,807,810,812,816,819,820,822,824,828,833,838,843,853,855,862,863,869,870,871,874,878,882,892,896,897,899,900,904,905,906,913,917,919,920,922,923,929,932,933,937,942,944,952,957,960,963,964,965,969,973,975,976,977,981,984,995
43,47,53,66,92,123,312,317,344,582,619,784,798,850,867,872,920,937,958,959,970
1,4,13,14,23,36,44,59,63,78,84,97,98,128,159,187,194,195,205,248,267,275,284,287,306,310,312,326,329,349,358,371,372,380,390,391,417,420,432,433,442,455,462,469,480,484,495,500,519,549,554,559,566,588,625,633,635,640,653,662,682,687,691,698,717,726,729,732,749,756,759,761,768,813,824,833,840,855,864,865,868,870,874,885,944,946,957,960,968,975,977,993,998
14,35,40,50,66,97,102,131,142,153,166,174,175,189,202,203,204,257,262,264,280,287,291,315,334,363,377,386,388,402,419,424,429,442,460,485,507,508,511,514,516,527,542,549,576,579,582,584,605,613,617,629,644,657,663,685,725,732,737,744,775,799,802,806,827,867,900,929,937,939,947,948,954,955,961,967,970,976,981,987
63,65,68,125,130,133,134,142,174,198,202,210,220,232,245,246,286,294,302,313,320,352,367,376,378,383,398,405,430,456,529,537,541,544,569,576,605,627,631,636,663,665,680,688,703,729,735,739,770,773,787,801,824,827,848,867,868,871,884,895,897,907,911,922,924,943,954,970,975,985,988
2,4,30,85,301,312,322,356,357,410,420,446,458,465,506,511,734,748,752,764,798,896,924,942
3,16,39,74,123,127,195,260,372,380,496,521,538,565,628,638,649,653,676,752,882,972,984
12,16,21,34,53,59,73,78,82,95,116,134,156,181,203,206,218,220,243,245,259,271,274,280,288,331,368,376,380,395,409,422,424,442,458,461,464,511,514,522,531,538,539,544,549,557,559,572,595,603,606,608,635,658,661,665,682,715,718,723,726,731,739,756,777,786,788,817,821,830,831,835,850,882,900,904,906,917,931,939,956,957,963,965,975,976,984,992,998
11,14,18,45,50,69,74,93,114,128,166,194,200,202,203,204,205,215,244,257,262,269,287,288,352,377,390,401,402,408,416,449,463,510,516,534,541,546,567,579,582,617,656,680,682,687,726,727,733,737,744,752,762,775,777,791,793,797,798,802,813,818,839,846,867,895,900,923,926,930,937,954,962,968,970,981,997
0,15,18,45,68,97,115,124,134,147,165,203,219,235,243,272,291,306,314,322,326,327,333,338,351,360,363,382,399,418,421,442,455,477,482,494,495,504,530,531,549,557,559,568,580,612,618,620,650,664,671,676,677,699,715,724,726,727,731,737,744,746,756,782,796,802,813,830,831,832,867,904,907,930,946,952,957,976
2,3,4,16,30,45,63,85,90,103,125,153,160,169,176,183,198,203,214,242,294,296,301,312,316,322,337,356,357,361,365,376,410,420,422,446,457,458,465,471,477,506,511,538,542,544,568,580,633,635,637,682,708,726,729,734,748,752,764,785,798,802,812,816,838,865,871,892,896,922,924,930,942,946,966,991
3,10,15,22,41,50,56,60,63,70,90,102,111,118,124,128,131,132,136,141,145,177,182,184,192,194,213,223,242,260,264,280,281,283,284,294,299,310,315,323,335,346,356,375,386,401,402,417,429,436,440,456,460,465,469,474,488,496,507,508,509,510,523,540,544,551,553,564,567,570,572,576,588,604,608,628,637,658,670,685,693,712,730,749,750,757,762,765,771,785,795,798,799,800,814,816,826,830,832,841,842,851,858,859,861,862,880,886,898,902,904,912,918,928,937,938,954,961,965,968,981,999
0,9,21,22,23,34,36,44,47,52,59,63,75,78,85,87,97,98,115,116,123,126,129,130,134,154,156,160,161,165,167,170,181,187,192,196,201,203,218,219,227,244,245,246,247,250,253,260,269,270,274,279,281,284,286,288,296,306,311,312,314,322,323,324,329,333,335,336,338,349,350,351,352,356,361,366,368,375,377,378,379,380,381,382,385,395,396,399,412,417,418,420,422,424,425,427,432,442,443,455,464,471,477,480,482,488,492,495,502,504,505,511,514,517,522,525,526,531,533,538,541,544,549,554,566,576,577,580,594,595,606,608,616,624,631,633,636,639,645,653,658,661,664,669,671,673,677,678,681,682,688,690,691,696,697,698,699,701,708,714,715,720,723,725,731,732,734,745,746,748,756,762,764,770,782,783,784,788,792,796,801,804,807,816,819,821,822,825,830,833,838,843,846,853,865,869,870,874,882,885,887,895,896,899,900,904,906,907,913,917,924,937,944,946,949,952,957,958,959,964,966,976,977,979,985,997,998
14,17,34,41,52,69,73,74,92,122,150,202,204,253,269,270,283,287,288,296,315,335,353,366,367,386,388,390,398,411,429,436,454,492,510,522,551,560,575,579,582,584,613,620,630,636,643,644,658,667,685,687,735,744,762,798,799,806,810,832,846,867,887,889,895,900,907,941,954,970,981,990,992,993
0,17,36,80,93,102,115,165,191,201,202,212,246,263,270,286,314,323,333,334,335,350,361,367,377,386,390,398,407,409,418,454,464,477,481,491,505,509,514,541,555,575,586,605,618,634,637,643,644,646,660,664,726,744,754,762,773,782,791,793,795,803,807,839,848,854,863,869,889,920,929,954,968
4,14,17,22,28,35,37,40,41,43,52,65,71,80,82,98,99,107,109,122,125,128,131,134,135,143,147,150,171,173,176,189,191,196,197,198,200,201,210,212,215,223,232,235,246,257,260,267,269,280,281,282,283,284,285,287,288,308,313,315,316,321,322,323,326,327,329,332,335,336,347,348,352,361,362,375,376,380,383,397,398,399,407,411,414,421,425,429,434,453,454,460,461,464,467,470,478,485,492,494,508,514,516,522,523,525,526,527,529,533,541,542,546,551,560,566,568,569,575,579,582,584,588,605,610,612,618,619,620,621,624,625,627,633,639,640,644,652,656,657,658,659,663,664,671,673,682,685,686,687,692,700,703,707,719,720,722,723,724,731,735,736,737,740,744,745,746,752,753,757,775,777,783,786,787,788,791,795,799,800,803,805,806,813,817,818,822,830,842,860,867,868,878,879,887,891,895,898,899,900,907,920,929,932,939,947,950,954,960,961,965,966,967,969,970,974,975,976,981,990,995
21,23,30,39,62,68,84,85,127,129,138,143,170,212,232,233,245,250,260,284,288,292,306,352,353,366,391,399,415,432,440,455,471,480,482,521,522,534,543,553,554,562,586,619,628,638,662,670,676,691,714,726,751,752,758,761,764,773,783,798,840,893,900,923,932,972,984
9,12,15,18,21,22,23,34,47,53,56,59,63,65,73,75,78,85,95,97,98,109,116,123,125,129,130,131,134,135,143,156,160,161,162,165,181,183,185,196,201,203,205,212,218,219,220,222,224,227,233,235,242,245,259,260,270,272,274,281,288,293,296,311,314,322,323,326,331,333,335,338,346,349,350,351,361,367,368,375,377,378,379,380,381,396,397,398,405,410,415,416,417,420,422,424,442,445,453,457,458,464,466,471,477,482,492,502,505,506,511,514,517,521,522,526,529,531,533,534,538,541,544,549,563,568,576,577,585,594,602,606,608,624,626,628,631,636,645,653,658,659,662,675,678,681,682,687,691,698,699,714,715,717,720,723,724,726,729,731,732,734,744,746,752,754,756,764,767,770,777,783,784,786,792,796,797,798,801,809,817,819,821,822,831,832,833,838,843,846,850,863,869,874,877,882,884,885,887,890,895,896,900,907,911,913,917,924,932,937,944,949,952,956,959,960,961,965,966,974,976,977,979,985,986,992,997,998
2,11,17,41,69,93,109,125,131,142,153,202,232,246,267,281,283,288,305,312,315,335,344,351,361,366,375,386,398,446,467,491,492,502,510,529,551,579,582,605,612,626,636,677,707,717,744,745,759,798,799,806,810,824,825,867,886,889,898,900,926,937,946,969,990,992,997
4,23,30,58,87,88,97,126,133,145,156,210,218,219,243,274,278,291,303,306,311,322,346,350,360,364,377,380,406,424,432,442,455,458,470,480,511,529,531,534,540,549,554,572,586,588,622,625,633,638,653,691,715,727,732,734,796,808,820,833,865,871,879,899,931,946,953,977
11,28,69,93,107,125,163,183,191,197,198,202,210,222,232,246,257,282,286,294,302,313,320,362,367,383,398,402,405,419,430,488,501,511,529,537,541,546,569,576,605,636,654,663,680,688,697,720,735,755,756,770,773,787,820,822,824,839,868,895,907,922,937,943,960,970,975
4,9,11,12,14,17,18,34,35,38,40,45,50,65,66,67,69,73,74,85,91,93,98,102,107,114,116,128,134,138,142,148,153,162,163,166,174,188,189,194,198,200,202,203,204,205,206,210,215,244,245,246,253,257,262,269,282,287,288,294,295,310,317,320,327,329,332,344,352,361,367,377,381,390,401,402,407,408,409,414,416,419,434,449,458,463,474,491,507,510,514,516,529,533,534,541,542,546,548,551,560,567,569,575,579,582,590,602,605,608,613,617,632,637,644,656,657,658,663,665,680,682,686,687,717,720,725,726,727,730,733,735,737,744,746,748,752,753,756,757,762,775,777,784,791,793,797,798,802,803,806,813,818,820,821,822,832,835,839,846,848,867,891,895,900,902,915,917,920,923,924,926,930,932,937,939,953,954,961,962,968,970,976,981,987,993,997
11,28,35,41,63,66,73,131,142,175,204,210,215,242,246,257,263,267,282,283,288,293,326,334,338,354,416,417,463,470,491,504,517,523,533,539,579,582,656,661,685,687,692,723,735,736,737,740,745,777,787,813,818,825,831,854,887,889,893,895,900,913,939,950,959,967
15,42,50,66,74,92,93,128,161,162,166,171,189,206,227,244,246,247,260,269,271,285,286,376,386,419,474,526,541,546,551,567,594,613,632,644,652,663,680,717,720,725,735,751,770,771,778,788,797,806,824,846,887,920,926,930,941,942,953,971,978
10,11,34,48,153,154,186,226,227,235,240,245,247,270,311,312,377,382,385,395,458,468,472,495,525,538,552,562,568,569,594,595,677,687,693,717,727,746,777,822,839,853,869,872,941,948,996,997
2,9,35,45,87,107,112,133,163,197,279,294,295,301,303,315,323,334,368,381,386,401,402,408,422,424,433,443,446,463,467,484,510,532,545,575,590,608,615,635,642,643,678,688,707,708,762,771,773,783,789,849,859,864,870,889,964,967
0,1,2,12,15,16,28,38,40,41,43,47,58,65,66,69,75,80,85,89,92,93,98,102,108,115,116,121,125,127,134,142,150,153,161,162,170,174,175,189,192,200,202,215,223,224,245,246,248,260,263,264,267,269,276,281,283,287,288,296,305,314,318,326,327,332,333,334,336,338,341,346,347,351,354,361,362,366,367,375,376,379,386,388,398,401,407,409,411,412,423,425,446,453,458,461,466,474,485,491,504,506,507,509,514,521,522,533,538,539,551,560,561,568,575,580,585,595,605,618,620,625,627,632,633,639,643,644,656,666,671,678,681,682,687,688,690,692,697,699,705,711,722,723,725,726,733,735,737,744,745,746,754,756,777,782,783,784,786,791,797,798,799,803,806,807,813,818,824,838,839,846,850,853,856,861,862,864,867,877,879,885,887,889,890,891,892,895,896,899,900,905,915,917,924,930,932,949,965,969,971,972,974,975,976,984,992,994,998
0,3,4,5,9,12,13,15,16,17,18,20,22,23,26,28,30,31,34,39,43,45,47,53,56,57,58,59,62,63,65,68,74,75,76,78,81,82,83,84,85,88,92,93,94,95,97,98,99,102,103,109,113,114,115,116,121,123,124,125,126,127,128,129,133,134,135,138,139,143,147,153,156,158,159,160,165,169,170,173,175,176,181,183,185,187,188,190,195,196,202,203,205,206,211,212,214,218,219,222,223,224,226,227,233,235,237,242,243,244,245,247,248,250,252,253,258,259,260,261,262,263,265,270,271,272,273,275,276,278,280,281,283,284,288,291,293,294,296,298,301,306,311,312,314,316,318,321,322,323,325,326,327,329,332,333,335,336,338,340,344,347,350,351,357,358,360,361,363,364,365,368,371,372,376,377,380,381,382,384,385,388,390,391,393,394,395,396,397,399,400,401,405,406,407,408,410,412,413,417,418,420,421,423,424,428,429,430,431,433,436,442,445,448,455,457,458,461,462,465,466,467,468,471,472,474,476,477,481,482,483,490,493,494,495,496,501,502,504,505,506,508,511,514,516,517,518,519,521,522,523,526,527,528,530,531,532,534,535,538,539,540,543,544,548,549,552,557,558,559,560,561,562,563,565,566,567,568,571,572,573,574,575,576,577,580,584,586,588,594,595,599,602,608,612,614,615,616,617,618,620,621,623,624,625,626,627,628,633,634,635,636,637,638,639,642,645,646,649,650,653,657,658,662,664,671,673,675,676,677,678,680,681,682,683,685,687,690,691,698,699,703,704,705,707,708,711,714,715,716,717,718,723,724,725,726,727,729,731,732,733,734,735,737,738,739,740,744,746,748,749,752,754,756,757,759,761,762,764,767,770,771,773,777,781,782,783,787,788,791,796,802,803,805,807,808,809,810,812,813,816,819,820,822,824,828,830,831,832,833,835,837,838,843,845,847,850,852,853,855,856,860,861,862,863,864,867,868,869,870,871,872,874,878,882,885,890,892,893,896,897,898,899,900,904,905,906,907,909,913,917,919,920,922,923,929,930,931,932,933,937,942,944,946,948,952,956,957,958,960,963,964,965,966,968,969,972,973,974,975,976,977,979,981,984,986,991,994,995,996
12,16,17,21,47,84,98,127,128,224,237,258,271,291,293,294,295,349,351,362,365,395,397,415,420,422,424,445,458,470,477,504,528,530,548,557,559,566,574,580,599,628,639,666,675,678,688,765,785,792,809,819,846,892,906,913,919,922,932,942,978,984,986
125,128,246,257,267,329,398,421,461,529,640,644,692,939,961,967
0,1,2,4,12,14,15,16,17,22,28,34,35,36,37,38,40,41,43,45,47,52,53,58,63,65,66,68,69,71,73,74,75,80,82,85,89,90,92,93,98,99,102,107,108,109,115,116,121,122,125,127,128,129,130,131,133,134,135,142,143,147,150,153,154,155,161,162,163,165,167,170,171,173,174,175,176,185,187,189,191,192,196,197,198,200,201,202,204,210,212,214,215,223,224,232,235,237,244,245,246,248,252,253,256,257,260,263,264,265,267,269,270,276,280,281,282,283,284,285,286,287,288,296,305,308,313,314,315,316,318,320,321,322,323,324,326,327,329,332,333,334,335,336,338,340,341,342,346,347,348,350,351,352,353,354,356,361,362,366,367,375,376,377,378,379,380,382,383,386,388,390,397,398,399,401,402,405,407,409,410,411,412,413,414,416,418,421,423,425,429,430,434,436,440,446,453,454,456,458,460,461,464,466,467,469,470,471,474,477,478,479,481,485,488,490,491,492,493,494,502,504,505,506,507,508,509,510,514,516,521,522,523,525,526,527,528,529,533,538,539,540,541,542,546,551,555,560,561,563,565,566,568,569,572,573,575,579,580,582,584,585,586,588,590,595,598,605,610,612,613,615,618,619,620,621,624,625,626,627,630,631,632,633,634,636,637,638,639,640,643,644,646,652,656,657,658,659,660,663,664,665,666,667,670,671,673,677,678,681,682,685,686,687,688,690,692,697,699,700,703,705,707,711,716,717,719,720,722,723,724,725,726,729,731,733,735,736,737,739,740,743,744,745,746,747,752,753,754,755,756,757,762,767,773,775,777,780,782,783,784,786,787,788,791,792,793,795,796,797,798,799,800,801,803,805,806,807,810,813,817,818,821,822,824,828,830,831,832,835,838,839,842,845,846,848,850,853,854,856,860,861,862,863,864,867,868,869,870,877,878,879,881,885,887,889,890,891,892,895,896,898,899,900,905,907,911,913,915,917,920,923,924,926,929,930,932,937,939,941,943,946,947,949,950,953,954,960,961,963,965,966,967,968,969,970,971,972,974,975,976,981,984,985,990,992,993,994,995,996,998
17,38,45,52,65,66,67,69,82,98,131,167,204,215,223,252,323,329,348,356,361,379,402,410,452,461,463,485,492,509,522,533,542,551,579,586,610,646,656,713,720,745,753,757,767,804,813,817,822,823,839,881,891,915,922,954,976,993
3,5,12,15,16,18,22,28,39,47,62,74,76,81,82,85,92,97,99,102,109,114,116,123,124,127,129,138,153,160,169,170,173,185,188,190,195,196,203,212,223,224,227,237,245,250,252,258,260,271,272,275,280,281,284,291,294,311,312,316,318,323,326,332,336,340,351,357,358,360,361,363,365,372,376,377,380,381,384,390,391,394,396,399,401,408,410,413,420,424,442,448,458,462,468,471,472,481,490,496,505,518,521,522,523,530,538,544,548,549,557,558,559,562,563,565,566,568,572,573,576,577,580,586,594,614,621,623,624,628,633,638,639,642,649,653,673,675,676,681,682,687,699,704,714,716,718,732,738,749,752,756,761,783,787,788,802,803,805,807,809,812,816,828,831,838,847,850,852,856,860,861,862,882,890,893,899,907,909,929,930,931,937,948,956,957,958,965,972,975,976,984,991
0,1,2,3,4,5,6,7,15,16,18,20,21,23,25,28,30,34,36,37,39,42,47,54,55,56,59,61,62,63,65,73,74,76,80,81,83,85,88,92,93,95,97,98,102,103,108,109,116,122,123,125,126,127,129,133,137,139,143,144,145,148,153,154,156,159,161,165,169,170,172,173,174,176,179,181,185,186,187,190,192,193,195,203,204,206,211,218,219,220,221,222,223,224,226,227,228,233,234,237,238,240,242,243,244,247,248,252,259,260,261,265,266,270,271,273,274,275,278,280,281,284,288,291,293,295,297,298,303,306,307,311,314,316,321,323,325,333,335,336,338,339,344,347,348,349,350,355,357,358,359,360,361,364,365,368,372,373,376,384,385,389,391,394,395,397,398,399,400,401,403,406,408,409,411,412,413,415,416,417,418,420,421,422,424,425,426,428,429,431,432,435,437,448,452,453,455,457,458,459,461,466,467,474,476,477,480,482,483,486,488,490,494,495,501,502,511,519,520,521,525,528,530,531,532,538,539,540,542,543,544,545,549,552,554,561,562,565,567,571,573,574,576,577,580,581,582,583,587,588,589,592,594,595,596,597,599,600,602,603,607,609,612,614,620,626,628,633,634,638,641,643,645,647,649,653,658,659,664,665,671,672,673,674,675,681,682,683,687,690,691,692,696,698,699,701,704,705,706,707,708,714,715,722,723,724,728,731,736,738,742,745,746,751,754,759,764,767,772,777,781,783,787,792,795,796,801,802,803,805,806,808,809,811,815,819,825,828,830,831,832,835,836,837,838,840,841,843,845,855,861,862,863,868,869,874,878,883,884,885,890,892,893,896,897,899,900,901,905,906,907,909,910,913,917,919,922,927,929,930,931,937,938,942,944,945,948,952,953,958,964,965,968,969,975,977,980,984,986,990,991,994
0,12,14,17,36,38,45,63,65,68,80,90,93,99,102,107,108,115,128,129,130,135,143,155,161,163,165,173,185,187,191,196,197,201,202,212,237,244,245,246,252,256,263,265,270,276,285,286,287,305,314,320,321,323,327,332,333,334,335,336,350,356,361,367,377,378,382,386,388,390,397,398,402,407,409,410,413,416,418,429,436,454,456,464,467,471,477,479,481,490,491,505,508,509,514,516,527,528,529,533,539,540,541,555,563,573,575,584,586,590,598,605,610,613,615,618,631,632,634,637,638,639,643,644,646,657,660,664,665,673,677,685,697,707,711,717,720,725,726,733,735,739,743,744,747,752,754,762,773,777,780,782,786,788,791,792,793,795,801,803,807,810,813,821,828,835,839,845,848,854,863,869,870,879,885,889,891,911,913,915,920,923,929,943,949,954,963,966,968,971,974,976,981,985,992,993,996
10,11,34,80,109,150,154,171,235,245,247,277,325,377,385,395,399,450,458,468,495,525,526,568,569,582,594,617,687,693,697,717,729,744,753,773,850,853,855,863,869,872,895,932,941,966,996,997
1,2,12,69,89,102,121,134,161,162,175,215,246,248,260,267,269,281,283,287,288,305,332,333,334,367,386,446,509,539,575,580,625,632,656,688,725,737,744,786,797,803,806,813,818,824,853,856,862,867,877,887,889,900,965
1,4,12,13,14,16,23,28,31,36,39,44,45,58,59,63,65,67,73,78,84,88,97,98,99,102,128,135,143,155,159,161,187,190,194,195,196,203,205,211,214,221,223,235,237,246,248,249,265,267,271,273,275,276,284,287,291,301,306,310,312,326,329,333,336,342,349,354,358,371,372,380,390,391,393,394,395,400,417,420,421,423,424,432,433,442,453,455,462,469,471,480,484,490,494,495,500,506,511,519,530,543,544,549,554,557,559,562,563,566,569,571,572,583,588,594,595,621,625,626,633,635,640,653,662,676,682,683,687,691,698,715,717,726,729,732,734,749,752,756,759,761,768,770,773,777,783,784,792,803,813,822,824,833,840,848,853,855,860,864,865,868,870,874,878,885,892,896,897,906,907,910,929,930,933,942,944,946,956,957,960,968,975,977,979,991,993,994,995,998
2,9,12,14,19,34,35,38,45,66,74,79,84,87,100,103,104,107,108,112,116,117,121,132,133,135,143,154,159,162,163,175,176,182,185,188,189,190,197,198,204,206,225,236,237,245,276,279,287,291,293,294,295,301,303,308,315,322,323,329,334,350,354,368,371,381,386,388,391,401,402,405,408,411,413,422,423,424,427,429,433,436,438,443,445,446,447,454,455,457,463,467,469,484,487,508,510,516,527,528,532,543,545,557,569,574,575,584,590,608,615,618,627,632,635,642,643,657,661,667,678,685,688,697,707,708,759,760,762,771,773,783,789,797,799,804,807,812,818,831,840,849,859,861,864,870,889,890,891,917,919,922,926,948,949,964,967,979,981,986,989,990,999
34,73,92,99,125,133,143,154,167,248,270,283,334,335,353,401,405,414,425,430,454,485,488,493,506,509,522,539,560,572,615,636,643,658,667,692,716,755,767,787,806,828,831,846,854,881,895,937,941,976,984,990,992
4,9,20,34,43,59,63,65,76,93,95,97,98,103,113,116,123,126,127,129,133,139,153,159,160,170,173,176,181,183,185,190,196,203,212,219,227,235,237,242,243,244,252,259,263,265,270,271,275,278,280,296,298,301,311,314,325,333,336,340,344,347,350,357,358,364,365,368,377,381,384,385,390,393,394,406,413,417,420,423,424,428,442,445,457,458,461,467,476,477,482,495,501,502,511,514,521,523,528,531,534,540,544,549,552,557,559,560,563,567,574,577,594,608,614,615,620,625,626,628,634,638,649,653,664,680,683,698,699,705,707,715,723,724,735,739,740,748,759,767,770,781,791,802,803,808,809,819,828,835,837,838,843,853,855,862,868,872,874,885,890,897,919,920,922,931,948,956,957,960,964,965,966,969,986,991
45,242,276,291,296,400,416,496,683,850,863,922
0,3,12,16,18,21,22,26,36,39,43,57,63,71,78,93,94,97,115,123,126,127,141,147,153,160,165,169,179,187,203,219,222,227,231,237,243,244,248,251,259,261,270,272,273,276,284,294,311,314,316,318,322,333,336,347,362,365,376,377,406,412,413,417,418,420,421,422,425,432,440,460,461,468,471,475,477,480,482,485,495,502,505,506,511,519,521,526,528,530,531,538,540,549,552,559,561,565,571,577,595,596,606,609,628,633,634,640,653,669,670,671,673,674,687,691,704,715,719,724,737,748,749,764,781,783,784,792,795,796,798,802,818,819,824,825,830,832,850,853,865,867,874,882,896,899,904,907,919,930,931,933,937,946,948,956,960,964,969,975,977,978,984,995,997
2,4,23,30,34,39,45,58,69,73,74,87,88,91,97,99,103,126,133,145,153,156,198,203,210,218,219,227,237,243,256,274,278,281,283,288,291,296,303,305,306,310,311,322,325,326,327,334,344,346,349,350,352,360,364,376,377,380,386,391,397,398,399,401,402,405,406,413,424,425,432,442,446,453,454,455,457,458,470,477,480,492,505,511,522,528,529,531,534,540,549,554,557,559,561,565,568,572,585,586,588,615,622,625,628,633,635,636,637,638,639,650,653,664,675,682,683,687,691,692,715,718,720,723,727,732,734,738,743,746,796,802,803,808,818,820,824,832,833,835,841,854,863,865,867,871,874,877,879,889,899,900,922,929,931,946,953,957,965,971,972,974,977,990,998
2,9,10,11,13,14,15,17,22,28,34,35,38,40,41,42,43,44,47,49,50,52,53,64,65,66,67,68,69,70,71,72,73,75,80,88,89,92,93,96,99,102,107,108,109,112,113,114,117,120,124,125,128,131,132,133,134,138,142,146,148,150,154,155,159,161,163,166,171,173,174,176,177,185,191,192,194,195,196,197,198,201,204,209,210,215,217,220,222,223,225,235,239,246,250,252,256,257,260,262,263,264,267,269,273,282,283,286,287,288,291,293,294,295,305,308,309,310,313,315,316,319,320,327,331,332,334,345,354,360,362,367,368,372,375,377,379,381,388,393,400,401,402,404,405,407,408,409,410,411,415,419,421,423,429,430,431,434,436,446,448,450,454,456,461,463,470,471,474,481,483,489,491,495,498,499,501,505,506,508,509,510,511,516,522,523,524,527,533,534,537,542,543,544,546,548,561,563,566,567,569,571,573,579,582,584,588,590,591,594,598,599,605,610,612,613,615,617,624,636,637,638,639,642,645,648,652,656,657,658,659,660,661,663,664,665,668,673,680,681,682,685,686,687,688,692,693,697,704,709,723,724,725,726,730,733,734,737,739,740,743,744,745,746,748,752,753,756,762,768,771,775,778,780,783,786,788,789,791,792,793,795,797,799,803,804,806,807,810,813,820,821,824,830,839,840,845,846,847,850,852,854,867,871,874,878,879,881,884,886,887,889,891,893,895,900,902,907,911,912,913,915,917,920,922,924,926,931,933,935,936,938,940,942,952,953,954,958,961,962,963,965,967,968,970,972,976,980,981,982,988,990,992,995,996,997,998
17,39,43,45,84,102,109,113,114,155,211,225,235,245,249,310,312,316,331,382,399,415,420,449,455,481,519,535,594,608,614,699,738,768,796,805,830,843,855,884,885,920,931,975,978,993
0,1,2,3,4,8,9,12,13,14,15,16,17,18,21,22,23,26,28,29,30,31,34,35,36,38,39,40,41,43,44,45,47,52,53,54,55,59,62,63,65,66,67,68,69,71,73,74,75,78,80,82,83,84,85,86,87,88,89,90,91,92,93,94,95,97,98,99,101,102,103,107,108,109,113,114,115,116,117,118,119,121,122,123,125,126,127,128,129,130,131,132,133,134,135,137,138,139,141,142,143,144,147,150,153,154,155,156,158,160,161,162,163,165,167,168,169,170,172,173,175,176,181,182,183,185,186,187,188,189,190,191,192,194,195,196,198,200,201,202,203,204,205,206,207,211,212,214,215,218,219,220,221,222,223,224,225,226,227,231,233,234,235,237,242,243,245,246,247,248,249,250,251,252,253,256,258,259,260,261,262,263,264,265,267,269,270,271,272,273,274,276,278,279,280,281,283,284,286,287,288,291,293,294,295,296,298,301,303,305,306,308,309,310,311,312,313,314,315,316,320,321,322,323,324,325,326,327,328,329,330,331,332,333,335,336,337,338,339,340,342,344,346,347,349,350,351,352,353,354,355,356,357,360,361,362,363,364,365,366,367,368,371,373,375,376,377,378,379,380,381,382,385,386,388,389,390,391,395,396,397,398,399,400,401,402,405,406,407,408,409,410,411,412,413,414,415,416,417,418,420,422,423,424,425,429,430,431,432,433,435,436,440,442,443,445,446,448,449,451,453,454,455,457,458,460,461,462,463,465,466,467,468,469,470,471,472,474,477,478,479,480,481,482,484,486,488,490,491,492,494,495,496,501,502,503,504,505,506,508,511,514,515,516,517,518,519,521,522,523,525,526,527,528,529,530,531,532,533,534,535,538,539,540,541,542,543,544,548,549,552,554,557,558,559,560,561,562,563,565,566,567,568,569,571,572,573,574,575,576,577,579,580,582,584,585,586,588,590,594,595,597,599,602,603,606,608,609,611,614,615,616,617,618,619,620,621,623,624,625,627,628,630,631,632,633,634,635,636,637,638,639,640,641,642,645,646,648,649,650,652,653,655,656,657,658,659,660,661,662,664,665,666,667,669,670,671,673,674,675,677,678,679,680,682,683,685,687,688,690,691,693,696,697,698,699,701,703,705,707,708,709,711,713,714,715,716,717,718,719,720,722,723,724,725,726,727,728,729,731,732,733,734,735,736,737,738,739,740,743,744,745,746,748,749,752,753,754,755,756,757,759,760,761,762,764,765,767,768,770,773,777,780,781,782,783,784,785,786,787,788,791,792,795,796,797,798,799,801,802,803,804,805,806,807,808,809,810,811,812,813,815,816,817,819,820,821,822,824,825,827,828,829,830,831,832,833,835,838,839,840,841,843,845,846,848,850,852,853,855,856,860,861,862,863,864,865,867,868,869,870,871,872,874,877,878,879,882,884,885,887,890,891,892,893,895,896,897,898,899,900,904,905,906,907,909,911,913,915,917,919,920,921,922,924,926,927,929,930,931,932,933,937,938,939,941,942,944,945,946,948,949,950,952,953,954,956,957,958,959,960,963,964,965,966,967,968,969,971,972,973,974,975,976,977,978,979,981,984,985,986,988,990,991,992,993,994,995,996,997,998,999
12,17,65,128,131,143,171,191,246,310,324,327,336,361,502,529,551,610,613,615,645,669,677,717,734,752,770,789,792,805,861,863,870,887,902,952,963,968,971
14,86,87,127,128,160,249,276,287,328,335,361,376,381,400,405,507,511,521,565,610,630,636,637,644,657,667,746,792,850,862,899,905,907,924,958,973
2,9,12,13,14,15,35,38,63,66,75,82,89,97,113,114,117,130,133,141,145,148,156,163,205,207,210,212,215,243,287,291,305,316,332,334,335,342,346,367,381,385,386,388,392,401,411,414,424,429,430,436,442,446,454,461,470,479,493,508,523,526,527,531,539,548,549,552,572,575,577,583,584,586,597,628,630,633,637,638,639,646,656,657,662,665,685,692,704,715,724,732,734,735,757,761,792,809,813,820,821,833,838,864,868,869,889,891,893,898,904,917,924,943,971,981,986,990,992,995,997,998
14,38,117,131,145,161,176,287,288,362,375,412,463,533,548,568,617,664,677,692,786,798,803,817,818,874,891,900,998
1,17,28,39,43,45,50,53,73,85,93,102,103,116,124,133,169,172,204,230,246,272,283,284,286,294,310,317,320,323,326,336,338,342,352,354,357,361,376,380,391,398,405,410,423,425,446,457,460,464,488,491,500,506,510,511,518,522,558,576,579,608,614,615,628,630,632,633,636,637,639,645,653,670,687,688,690,698,699,703,733,749,752,753,757,770,792,810,820,825,830,835,838,864,885,922,923,954,957,965,967,968,976,991,994,997















